0,0,0,-105,1.0,2
1,1,0,-150,1.0,11
2,2,0,-105,1.0,4
3,3,0,-95,1.0,4
4,4,0,-165,1.0,28
5,5,0,-190,0.9927000000000008,87
6,6,0,-115,0.9837000000000018,90
7,7,0,-95,0.982300000000002,14
8,8,0,-120,0.9760000000000026,63
9,9,0,-110,0.9751000000000027,9
10,10,1,-110,0.9689000000000034,62
11,11,0,-115,0.9685000000000035,4
12,12,0,-125,0.9649000000000039,36
13,13,0,-120,0.9624000000000041,25
14,14,0,-75,0.9606000000000043,18
15,15,0,-120,0.9593000000000045,13
16,16,0,-120,0.945600000000006,137
17,17,0,-125,0.9444000000000061,12
18,18,0,-120,0.9433000000000062,11
19,19,0,-110,0.9430000000000063,3
20,20,0,-180,0.9347000000000072,83
21,21,0,-30,0.9326000000000074,21
22,22,0,-100,0.9325000000000074,1
23,23,0,-85,0.9319000000000075,6
24,24,0,-110,0.9316000000000075,3
25,25,0,-110,0.9313000000000076,3
26,26,0,-130,0.9306000000000076,7
27,27,0,-130,0.9279000000000079,27
28,28,0,-100,0.9232000000000085,47
29,29,0,-25,0.9158000000000093,74
30,30,0,-135,0.9128000000000096,30
31,31,0,-135,0.9120000000000097,8
32,32,0,-105,0.9062000000000103,58
33,33,0,-130,0.9053000000000104,9
34,34,0,-125,0.9045000000000105,8
35,35,0,-120,0.8968000000000114,77
36,36,0,-125,0.891000000000012,58
37,37,0,-95,0.8898000000000121,12
38,38,0,-80,0.8875000000000124,23
39,39,1,-55,0.8766000000000136,109
40,40,0,-105,0.8706000000000143,60
41,41,0,-105,0.8704000000000143,2
42,42,0,-120,0.8693000000000144,11
43,43,0,-90,0.8666000000000147,27
44,44,0,-140,0.8619000000000152,47
45,45,0,-100,0.8618000000000152,1
46,46,0,-100,0.8617000000000152,1
47,47,0,-120,0.8590000000000155,27
48,48,0,-95,0.8578000000000157,12
49,49,0,-100,0.8577000000000157,1
50,50,0,-120,0.8560000000000159,17
51,51,0,-100,0.8559000000000159,1
52,52,0,-105,0.8557000000000159,2
53,53,0,-100,0.8556000000000159,1
54,54,0,-160,0.8513000000000164,43
55,55,0,-105,0.8491000000000166,22
56,56,0,-110,0.8482000000000167,9
57,57,0,-40,0.8431000000000173,51
58,58,0,-75,0.8405000000000176,26
59,59,0,-100,0.8384000000000178,21
60,60,0,-125,0.8374000000000179,10
61,61,1,-165,0.8327000000000184,47
62,62,0,-100,0.8326000000000184,1
63,63,0,-115,0.8318000000000185,8
64,64,0,-10,0.8205000000000198,113
65,65,0,-125,0.81850000000002,20
66,66,0,-130,0.8178000000000201,7
67,67,0,-160,0.8141000000000205,37
68,68,0,-150,0.8122000000000207,19
69,69,0,-95,0.8100000000000209,22
70,70,0,-155,0.8026000000000217,74
71,71,0,-115,0.8016000000000219,10
72,72,1,5,0.7927000000000228,89
73,73,0,-140,0.7878000000000234,49
74,74,0,-145,0.7842000000000238,36
75,75,0,-75,0.7830000000000239,12
76,76,0,-115,0.7826000000000239,4
77,77,0,-130,0.7787000000000244,39
78,78,0,-130,0.7776000000000245,11
79,79,0,-155,0.7740000000000249,36
80,80,0,-125,0.773400000000025,6
81,81,0,-20,0.7685000000000255,49
82,82,0,-115,0.7675000000000256,10
83,83,1,-5,0.7590000000000265,85
84,84,0,-105,0.7574000000000267,16
85,85,0,-85,0.7542000000000271,32
86,86,0,-20,0.7467000000000279,75
87,87,0,-105,0.7465000000000279,2
88,88,0,-120,0.7432000000000283,33
89,89,0,-95,0.7408000000000285,24
90,90,1,-5,0.7307000000000297,101
91,91,0,-120,0.7264000000000301,43
92,92,0,-95,0.7244000000000304,20
93,93,0,-115,0.7212000000000307,32
94,94,0,-110,0.7209000000000307,3
95,95,0,-105,0.7193000000000309,16
96,96,0,-95,0.718900000000031,4
97,97,0,-35,0.7129000000000316,60
98,98,0,-90,0.7116000000000318,13
99,99,0,-95,0.7110000000000318,6
100,100,1,-65,0.7065000000000323,45
101,101,0,-95,0.7059000000000324,6
102,102,0,-110,0.7044000000000326,15
103,103,0,-105,0.7042000000000326,2
104,104,2,105,0.691200000000034,130
105,105,0,-40,0.6889000000000343,23
106,106,1,-65,0.6878000000000344,11
107,107,0,-80,0.6869000000000345,9
108,108,2,135,0.6773000000000355,96
109,109,0,-90,0.6742000000000359,31
110,110,0,-90,0.6663000000000368,79
111,111,0,-75,0.663900000000037,24
112,112,0,-115,0.6627000000000371,12
113,113,2,25,0.6577000000000377,50
114,114,0,-145,0.654700000000038,30
115,115,0,-105,0.6539000000000381,8
116,116,0,-110,0.6516000000000384,23
117,117,0,-100,0.6509000000000384,7
118,118,2,10,0.6380000000000399,129
119,119,0,-70,0.6327000000000405,53
120,120,2,80,0.6242000000000414,85
121,121,1,15,0.6181000000000421,61
122,122,0,-45,0.6021000000000438,160
123,123,1,-80,0.600300000000044,18
124,124,0,-100,0.600200000000044,1
125,125,1,85,0.5949000000000446,53
126,126,0,-135,0.5925000000000449,24
127,127,0,-105,0.5921000000000449,4
128,128,0,-105,0.591900000000045,2
129,129,1,-50,0.5885000000000453,34
130,130,1,5,0.5814000000000461,71
131,131,0,-120,0.5807000000000462,7
132,132,0,-45,0.5697000000000474,110
133,133,0,-50,0.5656000000000478,41
134,134,0,-135,0.5596000000000485,60
135,135,0,-75,0.5578000000000487,18
136,136,0,-160,0.5541000000000491,37
137,137,0,-130,0.5530000000000492,11
138,138,1,10,0.5406000000000506,124
139,139,2,95,0.5300000000000518,106
140,140,0,-115,0.5296000000000518,4
141,141,0,-100,0.5289000000000519,7
142,142,1,-50,0.5267000000000521,22
143,143,0,-135,0.5215000000000527,52
144,144,1,20,0.5157000000000533,58
145,145,0,-40,0.509400000000054,63
146,146,0,-45,0.5044000000000546,50
147,147,0,-145,0.500600000000055,38
148,148,0,-130,0.4895000000000562,111
149,149,0,-125,0.48830000000005636,12
150,150,0,-35,0.48670000000005653,16
151,151,0,-155,0.4853000000000567,14
152,152,0,-80,0.4770000000000576,83
153,153,0,-175,0.47480000000005784,22
154,154,0,-170,0.47130000000005823,35
155,155,0,-100,0.47120000000005824,1
156,156,3,280,0.4416000000000615,296
157,157,0,-95,0.4388000000000618,28
158,158,1,0,0.4354000000000622,34
159,159,2,175,0.42580000000006324,96
160,160,0,-60,0.419100000000064,67
161,161,1,-55,0.4180000000000641,11
162,162,1,60,0.40940000000006505,86
163,163,0,-30,0.40130000000006594,81
164,164,0,-155,0.39830000000006627,30
165,165,0,-140,0.3964000000000665,19
166,166,2,50,0.3851000000000677,113
167,167,3,245,0.35760000000007075,275
168,168,2,125,0.3272000000000741,304
169,169,0,-110,0.32490000000007435,23
170,170,0,-105,0.3201000000000749,48
171,171,0,-45,0.31690000000007523,32
172,172,4,190,0.29500000000007764,219
173,173,0,-165,0.28780000000007844,72
174,174,3,170,0.2590000000000816,288
175,175,3,110,0.23980000000008372,192
176,176,3,115,0.23130000000008466,85
177,177,0,-70,0.22980000000008483,15
178,178,0,-65,0.22880000000008494,10
179,179,3,95,0.21990000000008592,89
180,180,2,110,0.20860000000008716,113
181,181,0,-70,0.2073000000000873,13
182,182,4,195,0.1911000000000891,162
183,183,0,-100,0.1910000000000891,1
184,184,1,85,0.18330000000008995,77
185,185,3,230,0.17130000000009127,120
186,186,4,165,0.1573000000000928,140
187,187,0,-95,0.15150000000009345,58
188,188,2,35,0.14490000000009418,66
189,189,1,-20,0.13790000000009495,70
190,190,4,255,0.11310000000009603,248
191,191,4,210,0.10460000000009578,85
192,192,3,180,0.09680000000009556,78
193,193,0,-30,0.0947000000000955,21
194,194,0,-50,0.09280000000009545,19
195,195,0,-100,0.0913000000000954,15
196,196,1,25,0.08880000000009533,25
197,197,6,370,0.06470000000009464,241
198,198,0,-5,0.06190000000009456,28
199,199,5,245,0.05,239
200,200,3,190,0.05,72
201,201,6,490,0.05,285
202,202,2,105,0.05,76
203,203,9,680,0.05,534
204,204,3,125,0.05,91
205,205,7,475,0.05,221
206,206,6,570,0.05,139
207,207,1,130,0.05,70
208,208,0,-105,0.05,18
209,209,6,545,0.05,296
210,210,4,240,0.05,99
211,211,3,320,0.05,168
212,212,8,795,0.05,686
213,213,0,-135,0.05,32
214,214,3,165,0.05,69
215,215,4,75,0.05,174
216,216,5,335,0.05,105
217,217,8,480,0.05,273
218,218,8,705,0.05,276
219,219,6,515,0.05,148
220,220,1,-70,0.05,112
221,221,11,1155,0.05,329
222,222,10,1000,0.05,335
223,223,4,215,0.05,150
224,224,0,-40,0.05,25
225,225,6,565,0.05,230
226,226,0,-150,0.05,23
227,227,0,-50,0.05,53
228,228,10,705,0.05,266
229,229,6,420,0.05,197
230,230,4,245,0.05,64
231,231,0,-105,0.05,2
232,232,8,705,0.05,214
233,233,11,890,0.05,242
234,234,3,170,0.05,46
235,235,9,640,0.05,168
236,236,9,680,0.05,182
237,237,8,515,0.05,140
238,238,9,670,0.05,154
239,239,14,1255,0.05,378
240,240,0,-100,0.05,11
241,241,16,1270,0.05,401
242,242,15,1335,0.05,345
243,243,4,230,0.05,55
244,244,1,-30,0.05,14
245,245,6,520,0.05,151
246,246,2,200,0.05,59
247,247,11,1030,0.05,288
248,248,3,225,0.05,99
249,249,0,-70,0.05,171
250,250,0,-90,0.05,65
251,251,1,-15,0.05,29
252,252,0,-100,0.05,31
253,253,3,100,0.05,54
254,254,1,-125,0.05,71
255,255,16,1330,0.05,341
256,256,0,-125,0.05,6
257,257,9,705,0.05,197
258,258,6,505,0.05,152
259,259,10,800,0.05,157
260,260,13,1090,0.05,320
261,261,0,-155,0.05,36
262,262,0,-115,0.05,4
263,263,17,1520,0.05,374
264,264,5,360,0.05,84
265,265,7,700,0.05,152
266,266,11,1050,0.05,236
267,267,17,1380,0.05,278
268,268,10,895,0.05,252
269,269,0,-125,0.05,42
270,270,11,830,0.05,206
271,271,15,1195,0.05,245
272,272,9,775,0.05,199
273,273,0,-55,0.05,32
274,274,5,315,0.05,127
275,275,22,2025,0.05,404
276,276,12,1190,0.05,231
277,277,2,150,0.05,43
278,278,21,2040,0.05,440
279,279,1,25,0.05,27
280,280,0,-105,0.05,16
281,281,0,-185,0.05,20
282,282,17,1400,0.05,272
283,283,9,1040,0.05,206
284,284,0,-165,0.05,80
285,285,7,490,0.05,92
286,286,5,220,0.05,90
287,287,12,970,0.05,205
288,288,7,540,0.05,108
289,289,5,435,0.05,105
290,290,9,685,0.05,123
291,291,21,1955,0.05,427
292,292,0,-80,0.05,7
293,293,12,1050,0.05,225
294,294,14,1270,0.05,253
295,295,1,-45,0.05,13
296,296,5,440,0.05,144
297,297,0,-135,0.05,12
298,298,14,1180,0.05,223
299,299,4,265,0.05,70
300,300,16,1285,0.05,276
301,301,0,-170,0.05,53
302,302,8,650,0.05,195
303,303,0,-30,0.05,31
304,304,0,-145,0.05,20
305,305,11,915,0.05,183
306,306,19,1575,0.05,315
307,307,0,20,0.05,57
308,308,15,1435,0.05,247
309,309,18,1500,0.05,291
310,310,18,1515,0.05,274
311,311,9,575,0.05,111
312,312,14,1275,0.05,252
313,313,11,1060,0.05,220
314,314,17,1605,0.05,341
315,315,1,25,0.05,35
316,316,4,200,0.05,73
317,317,18,1485,0.05,256
318,318,12,1225,0.05,216
319,319,0,-115,0.05,6
320,320,11,905,0.05,163
321,321,14,1345,0.05,274
322,322,10,790,0.05,187
323,323,10,785,0.05,144
324,324,13,1145,0.05,221
325,325,0,-130,0.05,9
326,326,0,-95,0.05,6
327,327,13,1270,0.05,250
328,328,7,605,0.05,143
329,329,1,-70,0.05,80
330,330,25,2245,0.05,481
331,331,26,2580,0.05,515
332,332,6,425,0.05,88
333,333,0,-115,0.05,20
334,334,10,840,0.05,175
335,335,5,295,0.05,75
336,336,7,505,0.05,101
337,337,9,800,0.05,192
338,338,0,-60,0.05,65
339,339,0,-175,0.05,18
340,340,12,915,0.05,198
341,341,6,530,0.05,115
342,342,2,70,0.05,35
343,343,0,-80,0.05,53
344,344,1,25,0.05,23
345,345,0,-145,0.05,34
346,346,1,-55,0.05,39
347,347,12,900,0.05,175
348,348,22,2140,0.05,415
349,349,14,1165,0.05,206
350,350,14,1305,0.05,258
351,351,2,190,0.05,65
352,352,0,-105,0.05,2
353,353,20,1845,0.05,358
354,354,0,-130,0.05,15
355,355,21,2040,0.05,362
356,356,7,430,0.05,78
357,357,9,930,0.05,184
358,358,18,1495,0.05,326
359,359,10,910,0.05,239
360,360,0,-130,0.05,27
361,361,0,-80,0.05,37
362,362,8,800,0.05,177
363,363,13,995,0.05,203
364,364,8,630,0.05,113
365,365,5,360,0.05,90
366,366,1,-45,0.05,35
367,367,7,555,0.05,157
368,368,13,1240,0.05,258
369,369,12,1090,0.05,251
370,370,8,510,0.05,97
371,371,18,1520,0.05,287
372,372,3,105,0.05,35
373,373,11,665,0.05,117
374,374,16,1535,0.05,306
375,375,12,1080,0.05,201
376,376,0,-140,0.05,11
377,377,0,-145,0.05,10
378,378,13,1255,0.05,325
379,379,9,630,0.05,154
380,380,6,590,0.05,133
381,381,5,340,0.05,108
382,382,0,-120,0.05,75
383,383,16,1295,0.05,244
384,384,5,310,0.05,66
385,385,4,220,0.05,51
386,386,27,2270,0.05,438
387,387,16,1485,0.05,322
388,388,0,-95,0.05,24
389,389,14,1170,0.05,257
390,390,0,-65,0.05,18
391,391,1,30,0.05,46
392,392,8,760,0.05,147
393,393,27,2340,0.05,410
394,394,0,-140,0.05,41
395,395,0,-125,0.05,52
396,396,15,1090,0.05,230
397,397,19,1745,0.05,331
398,398,10,810,0.05,171
399,399,0,-90,0.05,23
400,400,8,590,0.05,113
401,401,22,1990,0.05,413
402,402,0,-110,0.05,11
403,403,22,2050,0.05,359
404,404,4,335,0.05,84
405,405,6,340,0.05,79
406,406,11,1010,0.05,232
407,407,7,380,0.05,86
408,408,13,1285,0.05,253
409,409,13,1075,0.05,189
410,410,0,-145,0.05,36
411,411,16,1270,0.05,263
412,412,16,1275,0.05,236
413,413,0,-190,0.05,33
414,414,3,160,0.05,46
415,415,0,-135,0.05,10
416,416,13,1120,0.05,232
417,417,11,885,0.05,157
418,418,9,795,0.05,153
419,419,6,435,0.05,98
420,420,6,450,0.05,135
421,421,0,-155,0.05,12
422,422,8,520,0.05,151
423,423,14,1325,0.05,272
424,424,21,1655,0.05,261
425,425,11,1030,0.05,196
426,426,14,1275,0.05,236
427,427,0,-75,0.05,38
428,428,15,1335,0.05,291
429,429,0,-110,0.05,3
430,430,13,1260,0.05,258
431,431,1,-65,0.05,33
432,432,0,-110,0.05,3
433,433,17,1630,0.05,310
434,434,12,925,0.05,176
435,435,10,875,0.05,210
436,436,4,450,0.05,115
437,437,5,495,0.05,115
438,438,21,1925,0.05,349
439,439,9,660,0.05,120
440,440,7,720,0.05,138
441,441,6,330,0.05,121
442,442,10,945,0.05,186
443,443,14,1215,0.05,216
444,444,14,1165,0.05,274
445,445,2,70,0.05,31
446,446,30,2660,0.05,509
447,447,18,1375,0.05,228
448,448,14,985,0.05,212
449,449,6,410,0.05,81
450,450,25,2070,0.05,376
451,451,12,905,0.05,210
452,452,7,545,0.05,119
453,453,19,1690,0.05,326
454,454,19,1890,0.05,336
455,455,4,190,0.05,85
456,456,0,-225,0.05,26
457,457,32,2960,0.05,633
458,458,18,1825,0.05,326
459,459,1,-50,0.05,10
460,460,24,2045,0.05,414
461,461,1,-65,0.05,5
462,462,14,1225,0.05,224
463,463,10,825,0.05,178
464,464,1,35,0.05,27
465,465,10,850,0.05,187
466,466,10,855,0.05,150
467,467,8,540,0.05,117
468,468,6,415,0.05,78
469,469,2,100,0.05,41
470,470,12,1140,0.05,209
471,471,0,-45,0.05,14
472,472,0,-195,0.05,20
473,473,0,-35,0.05,84
474,474,0,-135,0.05,8
475,475,6,460,0.05,89
476,476,13,1275,0.05,243
477,477,8,615,0.05,112
478,478,10,965,0.05,198
479,479,12,795,0.05,138
480,480,10,905,0.05,182
481,481,0,-135,0.05,30
482,482,9,875,0.05,171
483,483,19,1870,0.05,362
484,484,10,720,0.05,127
485,485,0,-150,0.05,11
486,486,8,455,0.05,88
487,487,0,-180,0.05,31
488,488,14,1010,0.05,177
489,489,7,595,0.05,111
490,490,21,1965,0.05,379
491,491,14,1325,0.05,294
492,492,0,-105,0.05,2
493,493,0,-150,0.05,11
494,494,0,-180,0.05,17
495,495,11,815,0.05,139
496,496,32,3180,0.05,591
497,497,20,2005,0.05,358
498,498,0,-140,0.05,31
499,499,0,-65,0.05,18
500,500,14,1190,0.05,213
501,501,0,-30,0.05,41
502,502,11,850,0.05,156
503,503,6,465,0.05,92
504,504,21,1945,0.05,373
505,505,21,2195,0.05,457
506,506,21,1780,0.05,336
507,507,0,-15,0.05,26
508,508,5,445,0.05,111
509,509,22,2125,0.05,384
510,510,0,-60,0.05,95
511,511,9,745,0.05,133
512,512,13,880,0.05,162
513,513,0,-190,0.05,97
514,514,9,600,0.05,124
515,515,15,1260,0.05,200
516,516,0,-110,0.05,19
517,517,21,2090,0.05,402
518,518,0,-165,0.05,52
519,519,5,225,0.05,61
520,520,27,2300,0.05,412
521,521,0,-95,0.05,14
522,522,9,685,0.05,127
523,523,19,1740,0.05,354
524,524,18,1565,0.05,258
525,525,1,60,0.05,46
526,526,15,1395,0.05,259
527,527,0,-165,0.05,14
528,528,2,75,0.05,32
529,529,7,475,0.05,83
530,530,17,1550,0.05,272
531,531,5,360,0.05,78
532,532,0,-60,0.05,39
533,533,27,2845,0.05,493
534,534,25,2180,0.05,434
535,535,13,1230,0.05,206
536,536,16,1270,0.05,223
537,537,7,550,0.05,110
538,538,2,70,0.05,27
539,539,0,-150,0.05,19
540,540,10,830,0.05,167
541,541,14,1085,0.05,186
542,542,17,1355,0.05,241
543,543,7,585,0.05,109
544,544,27,2285,0.05,393
545,545,7,565,0.05,117
546,546,22,2180,0.05,423
547,547,0,-90,0.05,51
548,548,16,1620,0.05,285
549,549,4,365,0.05,84
550,550,0,-140,0.05,13
551,551,19,1690,0.05,308
552,552,14,1160,0.05,201
553,553,23,2060,0.05,402
554,554,0,-115,0.05,34
555,555,22,2215,0.05,400
556,556,17,1590,0.05,346
557,557,6,330,0.05,111
558,558,13,1365,0.05,255
559,559,4,230,0.05,67
560,560,19,1655,0.05,323
561,561,10,715,0.05,124
562,562,23,2550,0.05,458
563,563,13,1115,0.05,195
564,564,25,2365,0.05,427
565,565,13,955,0.05,173
566,566,5,395,0.05,91
567,567,6,560,0.05,113
568,568,8,695,0.05,124
569,569,8,670,0.05,119
570,570,14,1255,0.05,222
571,571,10,810,0.05,143
572,572,12,1090,0.05,211
573,573,13,975,0.05,153
574,574,30,2870,0.05,533
575,575,0,-155,0.05,38
576,576,0,-100,0.05,1
577,577,17,1300,0.05,226
578,578,0,-15,0.05,26
579,579,7,365,0.05,63
580,580,0,-175,0.05,64
581,581,21,1990,0.05,366
582,582,7,510,0.05,98
583,583,15,1500,0.05,320
584,584,15,1365,0.05,247
585,585,0,-100,0.05,1
586,586,0,-130,0.05,17
587,587,20,1685,0.05,316
588,588,12,1130,0.05,193
589,589,29,2550,0.05,454
590,590,0,-80,0.05,21
591,591,22,1780,0.05,301
592,592,0,-95,0.05,46
593,593,6,400,0.05,73
594,594,17,1580,0.05,322
595,595,16,1640,0.05,281
596,596,17,1535,0.05,283
597,597,42,3730,0.05,637
598,598,0,-155,0.05,28
599,599,8,640,0.05,113
600,600,0,-110,0.05,7
601,601,11,750,0.05,122
602,602,10,975,0.05,210
603,603,2,25,0.05,16
604,604,0,-100,0.05,1
605,605,19,1880,0.05,354
606,606,3,230,0.05,56
607,607,0,-40,0.05,17
608,608,3,260,0.05,68
609,609,10,1140,0.05,221
610,610,12,920,0.05,149
611,611,16,1350,0.05,223
612,612,0,-180,0.05,17
613,613,18,1860,0.05,333
614,614,15,1570,0.05,300
615,615,16,1240,0.05,197
616,616,0,-170,0.05,17
617,617,5,370,0.05,156
618,618,30,2855,0.05,508
619,619,19,1785,0.05,323
620,620,20,1865,0.05,308
621,621,0,-105,0.05,56
622,622,8,785,0.05,160
623,623,12,820,0.05,143
624,624,13,1070,0.05,196
625,625,12,1070,0.05,207
626,626,16,1410,0.05,255
627,627,0,-145,0.05,12
628,628,0,-110,0.05,19
629,629,6,430,0.05,79
630,630,4,385,0.05,84
631,631,28,2585,0.05,436
632,632,20,1790,0.05,309
633,633,1,70,0.05,42
634,634,0,-145,0.05,10
635,635,22,2085,0.05,398
636,636,10,875,0.05,154
637,637,11,930,0.05,166
638,638,22,2245,0.05,406
639,639,31,2930,0.05,544
640,640,18,1685,0.05,288
641,641,2,50,0.05,45
642,642,8,665,0.05,120
643,643,12,1070,0.05,203
644,644,13,1115,0.05,189
645,645,17,1575,0.05,265
646,646,0,-55,0.05,12
647,647,0,-125,0.05,6
648,648,26,2615,0.05,470
649,649,0,-85,0.05,18
650,650,10,720,0.05,129
651,651,24,2350,0.05,437
652,652,26,2305,0.05,438
653,653,21,1825,0.05,337
654,654,9,665,0.05,135
655,655,15,1065,0.05,223
656,656,31,2905,0.05,491
657,657,8,595,0.05,110
658,658,9,785,0.05,139
659,659,0,-150,0.05,11
660,660,0,-115,0.05,4
661,661,0,-125,0.05,6
662,662,5,360,0.05,70
663,663,1,0,0.05,20
664,664,24,1980,0.05,361
665,665,13,1180,0.05,214
666,666,0,-65,0.05,14
667,667,25,2545,0.05,431
668,668,25,2545,0.05,471
669,669,0,-130,0.05,7
670,670,10,835,0.05,152
671,671,0,-105,0.05,8
672,672,0,-160,0.05,53
673,673,0,-105,0.05,2
674,674,16,1235,0.05,194
675,675,8,670,0.05,143
676,676,18,1500,0.05,257
677,677,17,1410,0.05,248
678,678,22,2045,0.05,376
679,679,2,135,0.05,78
680,680,10,745,0.05,164
681,681,20,1885,0.05,334
682,682,13,890,0.05,204
683,683,3,260,0.05,66
684,684,0,-155,0.05,26
685,685,16,1510,0.05,263
686,686,0,-135,0.05,76
687,687,0,-180,0.05,17
688,688,13,1095,0.05,231
689,689,0,-145,0.05,10
690,690,22,1855,0.05,308
691,691,14,1410,0.05,265
692,692,11,890,0.05,166
693,693,30,2945,0.05,548
694,694,0,-50,0.05,17
695,695,0,-105,0.05,2
696,696,27,2960,0.05,524
697,697,1,20,0.05,24
698,698,26,2600,0.05,455
699,699,9,820,0.05,146
700,700,22,2180,0.05,385
701,701,16,1380,0.05,233
702,702,0,-105,0.05,16
703,703,19,1715,0.05,281
704,704,24,2250,0.05,391
705,705,38,3345,0.05,562
706,706,6,310,0.05,83
707,707,20,1885,0.05,336
708,708,21,2015,0.05,379
709,709,16,1275,0.05,232
710,710,18,1750,0.05,315
711,711,17,1285,0.05,225
712,712,11,1050,0.05,210
713,713,18,1660,0.05,319
714,714,14,1095,0.05,188
715,715,0,-145,0.05,36
716,716,8,665,0.05,124
717,717,8,835,0.05,174
718,718,15,1225,0.05,203
719,719,31,2870,0.05,474
720,720,0,-105,0.05,4
721,721,0,-95,0.05,62
722,722,0,-125,0.05,8
723,723,13,1275,0.05,257
724,724,2,150,0.05,43
725,725,6,440,0.05,85
726,726,7,560,0.05,104
727,727,14,1115,0.05,182
728,728,0,-125,0.05,6
729,729,0,-140,0.05,19
730,730,0,-155,0.05,60
731,731,3,205,0.05,99
732,732,0,-140,0.05,9
733,733,21,1780,0.05,292
734,734,26,2470,0.05,433
735,735,0,-65,0.05,10
736,736,0,-115,0.05,4
737,737,1,70,0.05,40
738,738,6,330,0.05,67
739,739,24,2175,0.05,364
740,740,0,-120,0.05,15
741,741,18,1585,0.05,270
742,742,9,740,0.05,152
743,743,11,1055,0.05,195
744,744,12,1055,0.05,182
745,745,15,1365,0.05,251
746,746,6,375,0.05,72
747,747,0,-125,0.05,38
748,748,35,3325,0.05,549
749,749,25,2320,0.05,406
750,750,0,-140,0.05,9
751,751,0,-105,0.05,26
752,752,17,1560,0.05,268
753,753,36,3510,0.05,605
754,754,36,3255,0.05,584
755,755,14,1375,0.05,250
756,756,0,-160,0.05,25
757,757,0,-135,0.05,14
758,758,0,-125,0.05,6
759,759,28,2625,0.05,504
760,760,3,215,0.05,51
761,761,11,890,0.05,164
762,762,8,760,0.05,141
763,763,15,1315,0.05,239
764,764,18,1890,0.05,349
765,765,19,1575,0.05,275
766,766,10,810,0.05,137
767,767,20,1770,0.05,283
768,768,25,2390,0.05,454
769,769,0,-130,0.05,7
770,770,10,1065,0.05,222
771,771,19,1855,0.05,335
772,772,16,1545,0.05,278
773,773,23,1955,0.05,349
774,774,18,1450,0.05,363
775,775,0,-70,0.05,21
776,776,19,1410,0.05,220
777,777,23,1735,0.05,277
778,778,3,155,0.05,49
779,779,0,-180,0.05,17
780,780,22,2060,0.05,349
781,781,0,-135,0.05,10
782,782,0,-115,0.05,4
783,783,0,-140,0.05,9
784,784,18,1575,0.05,276
785,785,0,-100,0.05,21
786,786,0,-160,0.05,13
787,787,0,-145,0.05,24
788,788,5,365,0.05,89
789,789,1,100,0.05,52
790,790,22,1955,0.05,328
791,791,4,190,0.05,45
792,792,18,1460,0.05,269
793,793,21,2010,0.05,402
794,794,2,145,0.05,44
795,795,0,-125,0.05,6
796,796,0,-115,0.05,4
797,797,2,70,0.05,29
798,798,2,140,0.05,39
799,799,1,30,0.05,24
800,800,21,2050,0.05,354
801,801,31,3330,0.05,616
802,802,12,1125,0.05,196
803,803,18,1565,0.05,316
804,804,27,2350,0.05,388
805,805,14,1455,0.05,276
806,806,5,330,0.05,104
807,807,12,1140,0.05,235
808,808,17,1710,0.05,304
809,809,0,-130,0.05,9
810,810,0,-145,0.05,10
811,811,6,430,0.05,87
812,812,10,980,0.05,181
813,813,11,1130,0.05,214
814,814,23,2040,0.05,394
815,815,0,-50,0.05,25
816,816,0,-220,0.05,37
817,817,23,2320,0.05,434
818,818,30,2895,0.05,512
819,819,14,1475,0.05,258
820,820,16,1460,0.05,279
821,821,16,1530,0.05,253
822,822,18,1790,0.05,319
823,823,5,330,0.05,66
824,824,36,3185,0.05,606
825,825,14,940,0.05,147
826,826,16,1290,0.05,211
827,827,0,-200,0.05,23
828,828,10,1035,0.05,194
829,829,28,2435,0.05,410
830,830,10,860,0.05,163
831,831,13,1175,0.05,225
832,832,8,630,0.05,127
833,833,27,2535,0.05,433
834,834,5,530,0.05,112
835,835,15,1115,0.05,197
836,836,10,815,0.05,150
837,837,21,1805,0.05,317
838,838,5,345,0.05,73
839,839,20,1520,0.05,273
840,840,0,-125,0.05,6
841,841,30,2600,0.05,447
842,842,20,1685,0.05,302
843,843,0,-145,0.05,10
844,844,26,2345,0.05,426
845,845,0,-170,0.05,15
846,846,6,370,0.05,75
847,847,0,-160,0.05,17
848,848,0,-185,0.05,18
849,849,10,1010,0.05,195
850,850,6,480,0.05,119
851,851,15,1170,0.05,196
852,852,29,2715,0.05,483
853,853,14,1380,0.05,237
854,854,18,1575,0.05,258
855,855,15,1340,0.05,228
856,856,19,1655,0.05,297
857,857,21,1990,0.05,344
858,858,12,925,0.05,160
859,859,16,1460,0.05,253
860,860,11,920,0.05,162
861,861,21,2060,0.05,398
862,862,29,2750,0.05,460
863,863,0,-90,0.05,21
864,864,0,-35,0.05,18
865,865,25,2100,0.05,380
866,866,22,2080,0.05,345
867,867,22,2225,0.05,376
868,868,22,2210,0.05,377
869,869,20,1805,0.05,326
870,870,19,1450,0.05,238
871,871,20,1680,0.05,283
872,872,28,2270,0.05,381
873,873,17,1425,0.05,233
874,874,0,-100,0.05,1
875,875,16,1300,0.05,259
876,876,9,655,0.05,115
877,877,0,-75,0.05,18
878,878,37,2870,0.05,492
879,879,15,1155,0.05,187
880,880,37,3545,0.05,649
881,881,29,2340,0.05,438
882,882,36,3425,0.05,610
883,883,39,3395,0.05,565
884,884,7,450,0.05,88
885,885,0,-70,0.05,39
886,886,0,-115,0.05,4
887,887,34,3145,0.05,604
888,888,24,2150,0.05,383
889,889,7,420,0.05,78
890,890,0,-105,0.05,6
891,891,13,1305,0.05,233
892,892,17,1660,0.05,292
893,893,7,600,0.05,108
894,894,11,930,0.05,160
895,895,28,2570,0.05,419
896,896,18,1515,0.05,250
897,897,10,835,0.05,144
898,898,28,2955,0.05,540
899,899,22,2105,0.05,432
900,900,10,935,0.05,166
901,901,10,855,0.05,154
902,902,25,2380,0.05,454
903,903,3,90,0.05,24
904,904,25,2065,0.05,351
905,905,4,370,0.05,83
906,906,27,2505,0.05,495
907,907,13,1300,0.05,236
908,908,28,2665,0.05,516
909,909,21,1780,0.05,320
910,910,27,2355,0.05,431
911,911,1,-10,0.05,22
912,912,9,645,0.05,133
913,913,12,1120,0.05,203
914,914,21,1895,0.05,319
915,915,14,1285,0.05,240
916,916,9,700,0.05,128
917,917,13,1040,0.05,208
918,918,17,1320,0.05,214
919,919,18,1565,0.05,270
920,920,0,-85,0.05,38
921,921,8,760,0.05,157
922,922,8,690,0.05,151
923,923,29,2595,0.05,455
924,924,0,-70,0.05,9
925,925,4,440,0.05,97
926,926,0,-110,0.05,3
927,927,0,-115,0.05,4
928,928,4,225,0.05,54
929,929,10,795,0.05,144
930,930,31,2715,0.05,467
931,931,18,1720,0.05,317
932,932,25,2295,0.05,387
933,933,0,-145,0.05,10
934,934,12,1240,0.05,221
935,935,6,515,0.05,118
936,936,12,1000,0.05,177
937,937,20,1560,0.05,277
938,938,9,465,0.05,89
939,939,3,255,0.05,63
940,940,5,490,0.05,102
941,941,0,-90,0.05,5
942,942,16,1220,0.05,191
943,943,6,355,0.05,76
944,944,18,1285,0.05,218
945,945,20,1610,0.05,267
946,946,17,1435,0.05,249
947,947,15,1320,0.05,240
948,948,0,-100,0.05,1
949,949,22,2425,0.05,468
950,950,20,1525,0.05,244
951,951,0,-165,0.05,14
952,952,13,1190,0.05,230
953,953,30,2685,0.05,496
954,954,29,2890,0.05,510
955,955,9,720,0.05,128
956,956,0,-185,0.05,20
957,957,14,1185,0.05,200
958,958,3,125,0.05,33
959,959,16,1345,0.05,238
960,960,0,-120,0.05,5
961,961,17,1385,0.05,233
962,962,1,105,0.05,39
963,963,25,2280,0.05,444
964,964,4,350,0.05,109
965,965,21,1610,0.05,254
966,966,25,2340,0.05,408
967,967,8,700,0.05,137
968,968,0,-140,0.05,11
969,969,28,2655,0.05,448
970,970,14,1300,0.05,253
971,971,3,335,0.05,77
972,972,19,1500,0.05,250
973,973,34,3010,0.05,559
974,974,14,1420,0.05,241
975,975,0,-65,0.05,14
976,976,24,2130,0.05,361
977,977,0,-105,0.05,2
978,978,15,1460,0.05,286
979,979,8,575,0.05,120
980,980,17,1315,0.05,225
981,981,12,1125,0.05,200
982,982,12,980,0.05,181
983,983,21,2185,0.05,385
984,984,24,2125,0.05,344
985,985,2,110,0.05,41
986,986,11,1020,0.05,182
987,987,23,2265,0.05,383
988,988,7,525,0.05,95
989,989,23,1865,0.05,335
990,990,12,1080,0.05,197
991,991,30,2970,0.05,509
992,992,0,-115,0.05,22
993,993,12,1035,0.05,190
994,994,11,1000,0.05,180
995,995,21,1910,0.05,310
996,996,26,2170,0.05,391
997,997,5,290,0.05,66
998,998,14,1435,0.05,248
999,999,16,1340,0.05,259
1000,1000,20,1590,0.05,291
1001,1001,16,1340,0.05,233
1002,1002,24,2000,0.05,357
1003,1003,20,1630,0.05,267
1004,1004,15,1370,0.05,256
1005,1005,4,275,0.05,78
1006,1006,20,1590,0.05,283
1007,1007,6,410,0.05,83
1008,1008,4,345,0.05,78
1009,1009,16,1435,0.05,248
1010,1010,12,970,0.05,215
1011,1011,28,2635,0.05,436
1012,1012,4,290,0.05,73
1013,1013,0,-110,0.05,7
1014,1014,2,80,0.05,37
1015,1015,23,2065,0.05,327
1016,1016,12,920,0.05,149
1017,1017,6,430,0.05,89
1018,1018,29,2920,0.05,514
1019,1019,31,2580,0.05,442
1020,1020,16,1335,0.05,210
1021,1021,13,1230,0.05,236
1022,1022,12,1205,0.05,234
1023,1023,6,610,0.05,117
1024,1024,7,550,0.05,108
1025,1025,17,1315,0.05,229
1026,1026,11,975,0.05,175
1027,1027,14,1150,0.05,203
1028,1028,0,-110,0.05,3
1029,1029,18,1490,0.05,267
1030,1030,18,1470,0.05,249
1031,1031,10,740,0.05,127
1032,1032,23,2130,0.05,344
1033,1033,17,1425,0.05,237
1034,1034,13,1165,0.05,221
1035,1035,0,-95,0.05,6
1036,1036,9,720,0.05,166
1037,1037,10,1030,0.05,187
1038,1038,15,1010,0.05,154
1039,1039,11,840,0.05,146
1040,1040,17,1570,0.05,278
1041,1041,15,1220,0.05,228
1042,1042,0,-105,0.05,44
1043,1043,8,555,0.05,102
1044,1044,8,620,0.05,113
1045,1045,20,1790,0.05,295
1046,1046,4,250,0.05,53
1047,1047,14,1175,0.05,196
1048,1048,11,995,0.05,177
1049,1049,13,1150,0.05,206
1050,1050,13,1345,0.05,261
1051,1051,23,2050,0.05,358
1052,1052,3,245,0.05,61
1053,1053,26,2170,0.05,417
1054,1054,4,370,0.05,81
1055,1055,8,570,0.05,105
1056,1056,16,1510,0.05,257
1057,1057,16,1505,0.05,294
1058,1058,27,2230,0.05,392
1059,1059,17,1365,0.05,221
1060,1060,20,1930,0.05,329
1061,1061,10,690,0.05,113
1062,1062,14,1005,0.05,210
1063,1063,24,2030,0.05,385
1064,1064,15,1485,0.05,285
1065,1065,5,280,0.05,58
1066,1066,21,1960,0.05,362
1067,1067,27,2310,0.05,424
1068,1068,0,-145,0.05,10
1069,1069,26,2105,0.05,338
1070,1070,5,400,0.05,100
1071,1071,19,1690,0.05,288
1072,1072,26,2365,0.05,474
1073,1073,20,2020,0.05,355
1074,1074,18,1750,0.05,319
1075,1075,15,1585,0.05,287
1076,1076,36,3240,0.05,523
1077,1077,19,1515,0.05,245
1078,1078,7,710,0.05,138
1079,1079,30,2850,0.05,545
1080,1080,20,1780,0.05,341
1081,1081,12,1135,0.05,192
1082,1082,8,555,0.05,96
1083,1083,15,1405,0.05,247
1084,1084,25,2115,0.05,365
1085,1085,13,1225,0.05,211
1086,1086,3,140,0.05,44
1087,1087,4,225,0.05,52
1088,1088,17,1555,0.05,259
1089,1089,17,1655,0.05,289
1090,1090,12,1000,0.05,165
1091,1091,0,-155,0.05,12
1092,1092,5,310,0.05,62
1093,1093,10,935,0.05,174
1094,1094,7,470,0.05,94
1095,1095,9,770,0.05,152
1096,1096,11,1060,0.05,184
1097,1097,30,2710,0.05,437
1098,1098,10,985,0.05,182
1099,1099,30,2610,0.05,427
1100,1100,0,-90,0.05,7
1101,1101,0,-220,0.05,25
1102,1102,21,1835,0.05,317
1103,1103,23,2240,0.05,404
1104,1104,19,1750,0.05,344
1105,1105,9,740,0.05,142
1106,1106,14,1060,0.05,169
1107,1107,12,1080,0.05,219
1108,1108,25,2215,0.05,409
1109,1109,30,2705,0.05,488
1110,1110,27,2710,0.05,480
1111,1111,9,690,0.05,122
1112,1112,9,700,0.05,142
1113,1113,22,2110,0.05,367
1114,1114,5,340,0.05,66
1115,1115,9,655,0.05,117
1116,1116,17,1385,0.05,241
1117,1117,15,1385,0.05,243
1118,1118,1,-5,0.05,17
1119,1119,0,-5,0.05,24
1120,1120,0,-115,0.05,4
1121,1121,9,940,0.05,172
1122,1122,20,2140,0.05,393
1123,1123,38,3365,0.05,588
1124,1124,5,340,0.05,68
1125,1125,20,1760,0.05,293
1126,1126,26,2575,0.05,508
1127,1127,14,1310,0.05,225
1128,1128,30,2790,0.05,547
1129,1129,0,-105,0.05,10
1130,1130,3,295,0.05,67
1131,1131,19,1845,0.05,357
1132,1132,7,600,0.05,138
1133,1133,18,1430,0.05,271
1134,1134,21,1800,0.05,338
1135,1135,0,-160,0.05,13
1136,1136,10,860,0.05,151
1137,1137,29,2660,0.05,464
1138,1138,11,1000,0.05,176
1139,1139,10,855,0.05,146
1140,1140,4,365,0.05,90
1141,1141,5,350,0.05,76
1142,1142,19,1920,0.05,352
1143,1143,19,1545,0.05,293
1144,1144,0,-185,0.05,18
1145,1145,13,1195,0.05,207
1146,1146,20,1850,0.05,387
1147,1147,15,1435,0.05,257
1148,1148,30,2745,0.05,456
1149,1149,21,1750,0.05,276
1150,1150,17,1330,0.05,224
1151,1151,20,1670,0.05,283
1152,1152,17,1560,0.05,286
1153,1153,12,940,0.05,167
1154,1154,34,3060,0.05,559
1155,1155,9,895,0.05,217
1156,1156,18,1585,0.05,282
1157,1157,22,1715,0.05,284
1158,1158,18,1495,0.05,264
1159,1159,11,1040,0.05,228
1160,1160,7,700,0.05,134
1161,1161,19,1705,0.05,287
1162,1162,14,1235,0.05,226
1163,1163,5,355,0.05,81
1164,1164,22,1780,0.05,279
1165,1165,25,2400,0.05,430
1166,1166,12,885,0.05,182
1167,1167,17,1735,0.05,329
1168,1168,27,2685,0.05,465
1169,1169,21,1700,0.05,270
1170,1170,20,1875,0.05,406
1171,1171,21,1985,0.05,371
1172,1172,1,45,0.05,31
1173,1173,0,-120,0.05,5
1174,1174,9,585,0.05,111
1175,1175,15,1320,0.05,216
1176,1176,0,-155,0.05,12
1177,1177,4,290,0.05,61
1178,1178,7,445,0.05,83
1179,1179,17,1430,0.05,244
1180,1180,21,2355,0.05,451
1181,1181,0,-100,0.05,1
1182,1182,21,2100,0.05,364
1183,1183,12,800,0.05,133
1184,1184,16,1335,0.05,220
1185,1185,42,4035,0.05,712
1186,1186,36,3740,0.05,677
1187,1187,16,1580,0.05,289
1188,1188,19,1940,0.05,336
1189,1189,0,-115,0.05,4
1190,1190,20,1520,0.05,243
1191,1191,0,-135,0.05,20
1192,1192,19,1690,0.05,322
1193,1193,25,2320,0.05,440
1194,1194,0,-140,0.05,9
1195,1195,7,685,0.05,129
1196,1196,24,1865,0.05,292
1197,1197,0,-145,0.05,10
1198,1198,22,1855,0.05,324
1199,1199,19,1795,0.05,339
1200,1200,8,595,0.05,144
1201,1201,22,2020,0.05,341
1202,1202,34,2840,0.05,465
1203,1203,35,3445,0.05,585
1204,1204,0,-105,0.05,2
1205,1205,20,1470,0.05,223
1206,1206,2,135,0.05,44
1207,1207,10,855,0.05,158
1208,1208,16,1380,0.05,243
1209,1209,39,3735,0.05,673
1210,1210,13,1195,0.05,225
1211,1211,11,1095,0.05,197
1212,1212,30,2445,0.05,398
1213,1213,0,-195,0.05,34
1214,1214,0,-145,0.05,10
1215,1215,20,1620,0.05,281
1216,1216,1,45,0.05,27
1217,1217,27,2455,0.05,455
1218,1218,0,-95,0.05,20
1219,1219,11,1135,0.05,207
1220,1220,11,1040,0.05,206
1221,1221,6,565,0.05,114
1222,1222,3,210,0.05,50
1223,1223,15,1215,0.05,217
1224,1224,0,-125,0.05,6
1225,1225,27,2780,0.05,478
1226,1226,24,2245,0.05,402
1227,1227,14,1095,0.05,220
1228,1228,19,1715,0.05,321
1229,1229,15,1365,0.05,223
1230,1230,27,2545,0.05,433
1231,1231,4,300,0.05,81
1232,1232,8,880,0.05,179
1233,1233,9,575,0.05,95
1234,1234,21,2085,0.05,359
1235,1235,5,375,0.05,91
1236,1236,10,850,0.05,169
1237,1237,14,1140,0.05,283
1238,1238,19,1720,0.05,306
1239,1239,28,2585,0.05,458
1240,1240,24,1925,0.05,346
1241,1241,8,760,0.05,141
1242,1242,0,-140,0.05,9
1243,1243,25,2220,0.05,364
1244,1244,0,-130,0.05,7
1245,1245,0,-125,0.05,22
1246,1246,26,2520,0.05,497
1247,1247,18,1405,0.05,238
1248,1248,17,1520,0.05,278
1249,1249,10,960,0.05,193
1250,1250,18,1765,0.05,334
1251,1251,13,1045,0.05,199
1252,1252,11,870,0.05,156
1253,1253,11,1110,0.05,214
1254,1254,7,465,0.05,91
1255,1255,6,450,0.05,93
1256,1256,12,855,0.05,146
1257,1257,17,1785,0.05,323
1258,1258,24,2460,0.05,453
1259,1259,20,1500,0.05,227
1260,1260,14,1240,0.05,231
1261,1261,0,-130,0.05,7
1262,1262,45,4335,0.05,725
1263,1263,13,1140,0.05,222
1264,1264,0,-115,0.05,4
1265,1265,14,1155,0.05,198
1266,1266,24,2125,0.05,402
1267,1267,13,1110,0.05,196
1268,1268,0,-135,0.05,8
1269,1269,23,2185,0.05,401
1270,1270,16,1230,0.05,203
1271,1271,0,-50,0.05,45
1272,1272,30,2890,0.05,483
1273,1273,24,2120,0.05,367
1274,1274,25,2115,0.05,385
1275,1275,0,-45,0.05,14
1276,1276,35,3285,0.05,587
1277,1277,0,-125,0.05,6
1278,1278,0,-75,0.05,10
1279,1279,6,530,0.05,121
1280,1280,14,1110,0.05,187
1281,1281,16,1805,0.05,316
1282,1282,3,185,0.05,47
1283,1283,26,2225,0.05,380
1284,1284,11,895,0.05,155
1285,1285,20,2050,0.05,363
1286,1286,4,280,0.05,61
1287,1287,6,430,0.05,81
1288,1288,4,115,0.05,36
1289,1289,8,775,0.05,148
1290,1290,30,2575,0.05,476
1291,1291,0,-170,0.05,15
1292,1292,4,360,0.05,79
1293,1293,15,1460,0.05,282
1294,1294,16,1555,0.05,294
1295,1295,24,2230,0.05,381
1296,1296,14,1210,0.05,229
1297,1297,17,1415,0.05,235
1298,1298,44,4315,0.05,842
1299,1299,5,480,0.05,94
1300,1300,0,-100,0.05,1
1301,1301,13,1255,0.05,225
1302,1302,19,1560,0.05,262
1303,1303,21,1955,0.05,357
1304,1304,24,1960,0.05,337
1305,1305,3,205,0.05,57
1306,1306,0,-125,0.05,6
1307,1307,20,1935,0.05,338
1308,1308,21,1835,0.05,315
1309,1309,26,2545,0.05,426
1310,1310,16,1320,0.05,289
1311,1311,7,545,0.05,111
1312,1312,18,1705,0.05,302
1313,1313,8,765,0.05,144
1314,1314,25,2370,0.05,416
1315,1315,25,2010,0.05,350
1316,1316,0,-165,0.05,14
1317,1317,8,600,0.05,113
1318,1318,10,1005,0.05,182
1319,1319,34,2995,0.05,512
1320,1320,1,40,0.05,26
1321,1321,5,340,0.05,68
1322,1322,28,2590,0.05,437
1323,1323,5,255,0.05,53
1324,1324,0,-95,0.05,22
1325,1325,13,1095,0.05,183
1326,1326,23,2010,0.05,330
1327,1327,11,1060,0.05,198
1328,1328,10,970,0.05,179
1329,1329,11,890,0.05,156
1330,1330,15,1310,0.05,238
1331,1331,22,2035,0.05,332
1332,1332,5,505,0.05,101
1333,1333,8,755,0.05,170
1334,1334,0,-100,0.05,1
1335,1335,24,2250,0.05,431
1336,1336,35,3105,0.05,581
1337,1337,4,255,0.05,58
1338,1338,21,1830,0.05,294
1339,1339,4,300,0.05,65
1340,1340,15,1240,0.05,206
1341,1341,23,2305,0.05,419
1342,1342,28,2735,0.05,494
1343,1343,12,1145,0.05,198
1344,1344,8,600,0.05,111
1345,1345,4,260,0.05,67
1346,1346,21,1860,0.05,344
1347,1347,18,1695,0.05,276
1348,1348,13,1060,0.05,180
1349,1349,0,-135,0.05,8
1350,1350,11,1010,0.05,180
1351,1351,9,770,0.05,186
1352,1352,0,-160,0.05,13
1353,1353,30,2870,0.05,491
1354,1354,17,1685,0.05,323
1355,1355,26,2345,0.05,412
1356,1356,0,-45,0.05,16
1357,1357,0,-175,0.05,16
1358,1358,0,-110,0.05,3
1359,1359,16,1270,0.05,197
1360,1360,20,1785,0.05,322
1361,1361,21,2030,0.05,348
1362,1362,1,70,0.05,32
1363,1363,1,5,0.05,41
1364,1364,19,1905,0.05,321
1365,1365,13,1345,0.05,235
1366,1366,13,1090,0.05,202
1367,1367,27,2240,0.05,384
1368,1368,8,710,0.05,137
1369,1369,14,1225,0.05,220
1370,1370,9,835,0.05,151
1371,1371,4,315,0.05,68
1372,1372,31,2840,0.05,492
1373,1373,8,735,0.05,138
1374,1374,24,2290,0.05,377
1375,1375,19,1850,0.05,340
1376,1376,10,815,0.05,160
1377,1377,30,2940,0.05,589
1378,1378,15,1130,0.05,186
1379,1379,12,1110,0.05,219
1380,1380,25,2320,0.05,396
1381,1381,27,2330,0.05,388
1382,1382,20,1980,0.05,345
1383,1383,25,2045,0.05,365
1384,1384,9,720,0.05,134
1385,1385,18,1500,0.05,287
1386,1386,26,2445,0.05,448
1387,1387,30,2640,0.05,419
1388,1388,38,3535,0.05,672
1389,1389,17,1600,0.05,266
1390,1390,9,615,0.05,109
1391,1391,24,1990,0.05,339
1392,1392,0,-130,0.05,31
1393,1393,13,1110,0.05,206
1394,1394,0,-90,0.05,21
1395,1395,19,1790,0.05,292
1396,1396,16,1250,0.05,207
1397,1397,36,3020,0.05,467
1398,1398,3,295,0.05,67
1399,1399,21,2185,0.05,385
1400,1400,26,2405,0.05,402
1401,1401,31,2620,0.05,428
1402,1402,24,2245,0.05,400
1403,1403,13,1160,0.05,214
1404,1404,11,945,0.05,195
1405,1405,8,540,0.05,97
1406,1406,9,645,0.05,111
1407,1407,26,2410,0.05,401
1408,1408,0,-190,0.05,19
1409,1409,15,1060,0.05,166
1410,1410,18,1450,0.05,253
1411,1411,12,1040,0.05,197
1412,1412,8,695,0.05,146
1413,1413,12,925,0.05,176
1414,1414,16,1480,0.05,285
1415,1415,10,1030,0.05,211
1416,1416,12,1110,0.05,207
1417,1417,23,2055,0.05,363
1418,1418,17,1755,0.05,299
1419,1419,23,2135,0.05,375
1420,1420,19,1815,0.05,311
1421,1421,7,380,0.05,74
1422,1422,0,-105,0.05,2
1423,1423,2,55,0.05,34
1424,1424,0,-140,0.05,9
1425,1425,14,1225,0.05,238
1426,1426,9,895,0.05,163
1427,1427,10,785,0.05,144
1428,1428,22,1970,0.05,347
1429,1429,4,250,0.05,57
1430,1430,19,1585,0.05,275
1431,1431,38,3585,0.05,602
1432,1432,8,615,0.05,108
1433,1433,21,1800,0.05,312
1434,1434,0,-130,0.05,7
1435,1435,5,320,0.05,74
1436,1436,13,1125,0.05,191
1437,1437,17,1575,0.05,273
1438,1438,8,770,0.05,145
1439,1439,17,1420,0.05,232
1440,1440,11,1135,0.05,199
1441,1441,17,1440,0.05,246
1442,1442,19,1580,0.05,310
1443,1443,8,655,0.05,152
1444,1444,22,2045,0.05,346
1445,1445,12,1025,0.05,184
1446,1446,21,1690,0.05,286
1447,1447,29,3265,0.05,557
1448,1448,23,2205,0.05,383
1449,1449,25,2225,0.05,359
1450,1450,0,-170,0.05,15
1451,1451,25,2205,0.05,409
1452,1452,22,1730,0.05,319
1453,1453,27,2355,0.05,441
1454,1454,29,2660,0.05,476
1455,1455,26,2600,0.05,447
1456,1456,0,-110,0.05,17
1457,1457,19,1440,0.05,264
1458,1458,47,4235,0.05,757
1459,1459,2,80,0.05,35
1460,1460,30,2715,0.05,470
1461,1461,13,1115,0.05,195
1462,1462,2,130,0.05,41
1463,1463,15,1300,0.05,228
1464,1464,15,1255,0.05,211
1465,1465,31,3055,0.05,577
1466,1466,15,1160,0.05,220
1467,1467,0,-165,0.05,14
1468,1468,30,3000,0.05,499
1469,1469,8,535,0.05,90
1470,1470,8,750,0.05,137
1471,1471,15,1155,0.05,189
1472,1472,15,1510,0.05,304
1473,1473,7,555,0.05,121
1474,1474,18,1520,0.05,315
1475,1475,6,550,0.05,103
1476,1476,19,1905,0.05,319
1477,1477,9,770,0.05,134
1478,1478,0,-155,0.05,12
1479,1479,22,2060,0.05,383
1480,1480,18,1870,0.05,341
1481,1481,20,1815,0.05,356
1482,1482,0,-140,0.05,21
1483,1483,15,1220,0.05,206
1484,1484,2,95,0.05,40
1485,1485,17,1515,0.05,279
1486,1486,0,-40,0.05,21
1487,1487,0,-120,0.05,5
1488,1488,8,570,0.05,97
1489,1489,8,725,0.05,142
1490,1490,30,2790,0.05,481
1491,1491,11,990,0.05,196
1492,1492,14,1175,0.05,236
1493,1493,24,2270,0.05,403
1494,1494,13,1150,0.05,198
1495,1495,17,1645,0.05,295
1496,1496,21,1945,0.05,351
1497,1497,11,965,0.05,171
1498,1498,8,480,0.05,87
1499,1499,22,1895,0.05,330
1500,1500,17,1355,0.05,221
1501,1501,16,1360,0.05,217
1502,1502,15,1290,0.05,242
1503,1503,26,2355,0.05,410
1504,1504,8,500,0.05,89
1505,1505,15,1085,0.05,167
1506,1506,3,220,0.05,52
1507,1507,5,345,0.05,91
1508,1508,8,670,0.05,127
1509,1509,12,1000,0.05,167
1510,1510,6,655,0.05,134
1511,1511,0,-170,0.05,15
1512,1512,15,1270,0.05,218
1513,1513,27,2295,0.05,381
1514,1514,3,195,0.05,57
1515,1515,18,1640,0.05,275
1516,1516,0,-120,0.05,13
1517,1517,16,1125,0.05,192
1518,1518,11,1005,0.05,175
1519,1519,14,1170,0.05,219
1520,1520,26,2460,0.05,421
1521,1521,20,1635,0.05,282
1522,1522,0,-110,0.05,3
1523,1523,16,1160,0.05,187
1524,1524,7,530,0.05,100
1525,1525,27,2525,0.05,455
1526,1526,11,1065,0.05,199
1527,1527,13,960,0.05,164
1528,1528,18,1335,0.05,208
1529,1529,7,615,0.05,129
1530,1530,9,850,0.05,158
1531,1531,37,3205,0.05,577
1532,1532,24,2250,0.05,371
1533,1533,0,-120,0.05,5
1534,1534,27,2470,0.05,400
1535,1535,11,980,0.05,184
1536,1536,17,1525,0.05,267
1537,1537,16,1315,0.05,246
1538,1538,23,2340,0.05,400
1539,1539,27,2510,0.05,460
1540,1540,15,1330,0.05,228
1541,1541,11,1475,0.05,283
1542,1542,18,1720,0.05,293
1543,1543,16,1540,0.05,283
1544,1544,5,360,0.05,80
1545,1545,11,970,0.05,176
1546,1546,6,570,0.05,113
1547,1547,23,1850,0.05,310
1548,1548,11,1085,0.05,205
1549,1549,4,330,0.05,69
1550,1550,14,1110,0.05,191
1551,1551,0,-105,0.05,2
1552,1552,16,1470,0.05,271
1553,1553,19,1580,0.05,260
1554,1554,11,1100,0.05,196
1555,1555,9,840,0.05,148
1556,1556,29,2540,0.05,432
1557,1557,20,1780,0.05,295
1558,1558,12,895,0.05,154
1559,1559,11,785,0.05,141
1560,1560,0,-150,0.05,39
1561,1561,30,2760,0.05,529
1562,1562,1,140,0.05,46
1563,1563,29,2685,0.05,449
1564,1564,14,1270,0.05,227
1565,1565,0,-225,0.05,26
1566,1566,0,-120,0.05,5
1567,1567,10,925,0.05,176
1568,1568,27,2375,0.05,375
1569,1569,39,3665,0.05,585
1570,1570,18,1610,0.05,289
1571,1571,25,2410,0.05,420
1572,1572,6,430,0.05,93
1573,1573,0,-90,0.05,21
1574,1574,14,1085,0.05,180
1575,1575,26,2505,0.05,420
1576,1576,21,1765,0.05,321
1577,1577,15,1465,0.05,259
1578,1578,0,-150,0.05,11
1579,1579,10,765,0.05,128
1580,1580,13,1255,0.05,235
1581,1581,10,740,0.05,125
1582,1582,15,1370,0.05,252
1583,1583,21,2050,0.05,352
1584,1584,12,900,0.05,147
1585,1585,31,2600,0.05,416
1586,1586,22,1660,0.05,263
1587,1587,13,1285,0.05,229
1588,1588,12,1320,0.05,237
1589,1589,0,-145,0.05,10
1590,1590,10,900,0.05,155
1591,1591,18,1395,0.05,222
1592,1592,16,1430,0.05,271
1593,1593,1,-10,0.05,16
1594,1594,12,1200,0.05,217
1595,1595,5,415,0.05,81
1596,1596,24,2355,0.05,398
1597,1597,10,770,0.05,131
1598,1598,0,-120,0.05,5
1599,1599,2,170,0.05,55
1600,1600,10,1010,0.05,191
1601,1601,0,-100,0.05,1
1602,1602,19,1525,0.05,251
1603,1603,12,1210,0.05,223
1604,1604,6,440,0.05,85
1605,1605,11,870,0.05,144
1606,1606,0,-125,0.05,6
1607,1607,23,1880,0.05,312
1608,1608,5,430,0.05,86
1609,1609,10,730,0.05,143
1610,1610,0,-110,0.05,3
1611,1611,16,1535,0.05,270
1612,1612,0,-185,0.05,20
1613,1613,8,790,0.05,145
1614,1614,9,635,0.05,105
1615,1615,0,-75,0.05,36
1616,1616,8,775,0.05,152
1617,1617,11,860,0.05,144
1618,1618,10,905,0.05,156
1619,1619,22,2040,0.05,421
1620,1620,23,2145,0.05,387
1621,1621,29,2705,0.05,457
1622,1622,38,3360,0.05,595
1623,1623,11,915,0.05,161
1624,1624,26,2255,0.05,378
1625,1625,21,1905,0.05,339
1626,1626,0,-60,0.05,13
1627,1627,13,970,0.05,162
1628,1628,4,335,0.05,70
1629,1629,1,-30,0.05,18
1630,1630,12,1115,0.05,186
1631,1631,7,615,0.05,141
1632,1632,15,1230,0.05,218
1633,1633,9,750,0.05,136
1634,1634,13,1210,0.05,210
1635,1635,12,1055,0.05,194
1636,1636,25,2400,0.05,448
1637,1637,21,2005,0.05,389
1638,1638,10,810,0.05,143
1639,1639,19,1905,0.05,331
1640,1640,27,2445,0.05,429
1641,1641,8,580,0.05,103
1642,1642,12,1090,0.05,195
1643,1643,0,-135,0.05,18
1644,1644,23,1930,0.05,310
1645,1645,0,-150,0.05,11
1646,1646,23,2355,0.05,495
1647,1647,12,1110,0.05,201
1648,1648,27,2335,0.05,441
1649,1649,11,1010,0.05,226
1650,1650,15,1505,0.05,259
1651,1651,10,905,0.05,166
1652,1652,5,505,0.05,103
1653,1653,5,355,0.05,83
1654,1654,26,2230,0.05,421
1655,1655,15,1230,0.05,230
1656,1656,0,-135,0.05,8
1657,1657,17,1715,0.05,291
1658,1658,21,1590,0.05,258
1659,1659,6,460,0.05,89
1660,1660,10,815,0.05,146
1661,1661,0,-120,0.05,5
1662,1662,22,1955,0.05,358
1663,1663,36,3480,0.05,629
1664,1664,8,700,0.05,137
1665,1665,12,1075,0.05,192
1666,1666,31,3400,0.05,612
1667,1667,35,3125,0.05,507
1668,1668,24,2335,0.05,398
1669,1669,10,835,0.05,148
1670,1670,21,1710,0.05,282
1671,1671,19,2030,0.05,372
1672,1672,27,2620,0.05,496
1673,1673,20,1835,0.05,364
1674,1674,17,1710,0.05,296
1675,1675,15,1240,0.05,218
1676,1676,20,1670,0.05,277
1677,1677,11,860,0.05,150
1678,1678,15,1220,0.05,218
1679,1679,16,1105,0.05,188
1680,1680,17,1250,0.05,230
1681,1681,7,600,0.05,126
1682,1682,8,585,0.05,110
1683,1683,8,695,0.05,140
1684,1684,11,935,0.05,193
1685,1685,14,1225,0.05,224
1686,1686,10,880,0.05,181
1687,1687,14,1080,0.05,213
1688,1688,6,465,0.05,102
1689,1689,6,395,0.05,78
1690,1690,30,2840,0.05,495
1691,1691,11,980,0.05,166
1692,1692,18,1490,0.05,273
1693,1693,9,685,0.05,139
1694,1694,21,1890,0.05,352
1695,1695,15,1375,0.05,263
1696,1696,2,260,0.05,65
1697,1697,12,850,0.05,147
1698,1698,31,2630,0.05,434
1699,1699,28,2340,0.05,443
1700,1700,7,555,0.05,103
1701,1701,30,2860,0.05,481
1702,1702,10,800,0.05,157
1703,1703,6,410,0.05,81
1704,1704,24,2200,0.05,411
1705,1705,34,2990,0.05,559
1706,1706,16,1470,0.05,257
1707,1707,15,1355,0.05,231
1708,1708,12,1055,0.05,190
1709,1709,15,1360,0.05,250
1710,1710,17,1510,0.05,276
1711,1711,16,1575,0.05,288
1712,1712,23,2065,0.05,373
1713,1713,1,135,0.05,45
1714,1714,25,2085,0.05,353
1715,1715,1,100,0.05,40
1716,1716,0,-50,0.05,19
1717,1717,14,1520,0.05,273
1718,1718,19,1670,0.05,282
1719,1719,4,265,0.05,62
1720,1720,31,2715,0.05,499
1721,1721,18,1665,0.05,288
1722,1722,9,800,0.05,142
1723,1723,0,-75,0.05,8
1724,1724,11,850,0.05,142
1725,1725,19,1555,0.05,269
1726,1726,12,1130,0.05,203
1727,1727,4,330,0.05,75
1728,1728,0,-110,0.05,3
1729,1729,17,1430,0.05,240
1730,1730,16,1430,0.05,259
1731,1731,11,1015,0.05,197
1732,1732,6,360,0.05,65
1733,1733,14,1160,0.05,191
1734,1734,26,2505,0.05,448
1735,1735,7,535,0.05,99
1736,1736,20,1600,0.05,267
1737,1737,0,-145,0.05,10
1738,1738,23,2145,0.05,355
1739,1739,14,1240,0.05,213
1740,1740,25,2450,0.05,424
1741,1741,10,960,0.05,169
1742,1742,33,3200,0.05,550
1743,1743,36,3125,0.05,582
1744,1744,24,1910,0.05,301
1745,1745,10,980,0.05,183
1746,1746,0,-130,0.05,7
1747,1747,20,1745,0.05,290
1748,1748,5,465,0.05,91
1749,1749,20,1645,0.05,306
1750,1750,25,2325,0.05,389
1751,1751,1,-15,0.05,15
1752,1752,17,1650,0.05,288
1753,1753,2,120,0.05,37
1754,1754,25,2190,0.05,366
1755,1755,19,1555,0.05,251
1756,1756,16,1520,0.05,259
1757,1757,19,1745,0.05,293
1758,1758,18,1460,0.05,263
1759,1759,22,1850,0.05,333
1760,1760,6,490,0.05,97
1761,1761,16,1435,0.05,258
1762,1762,28,3000,0.05,531
1763,1763,0,-110,0.05,3
1764,1764,7,620,0.05,136
1765,1765,7,520,0.05,102
1766,1766,12,970,0.05,179
1767,1767,10,1020,0.05,189
1768,1768,8,580,0.05,101
1769,1769,11,770,0.05,142
1770,1770,18,1520,0.05,257
1771,1771,19,1990,0.05,334
1772,1772,0,-90,0.05,25
1773,1773,13,1275,0.05,231
1774,1774,17,1495,0.05,271
1775,1775,17,1415,0.05,233
1776,1776,26,2435,0.05,422
1777,1777,19,2075,0.05,373
1778,1778,14,1265,0.05,216
1779,1779,8,820,0.05,165
1780,1780,12,1070,0.05,187
1781,1781,6,385,0.05,76
1782,1782,23,1740,0.05,306
1783,1783,5,400,0.05,84
1784,1784,9,560,0.05,100
1785,1785,14,1075,0.05,192
1786,1786,11,810,0.05,150
1787,1787,27,2445,0.05,461
1788,1788,26,2220,0.05,415
1789,1789,0,-145,0.05,26
1790,1790,20,1755,0.05,294
1791,1791,17,1660,0.05,298
1792,1792,8,590,0.05,109
1793,1793,17,1425,0.05,241
1794,1794,6,425,0.05,84
1795,1795,9,745,0.05,143
1796,1796,13,1300,0.05,236
1797,1797,18,1535,0.05,296
1798,1798,10,830,0.05,147
1799,1799,0,-140,0.05,9
1800,1800,18,1650,0.05,271
1801,1801,15,1385,0.05,275
1802,1802,21,2110,0.05,376
1803,1803,0,-110,0.05,3
1804,1804,18,1750,0.05,311
1805,1805,13,1165,0.05,235
1806,1806,16,1335,0.05,250
1807,1807,11,845,0.05,155
1808,1808,30,2950,0.05,497
1809,1809,0,-175,0.05,18
1810,1810,22,2235,0.05,386
1811,1811,26,2570,0.05,429
1812,1812,5,500,0.05,98
1813,1813,19,1840,0.05,364
1814,1814,14,1325,0.05,258
1815,1815,13,1090,0.05,178
1816,1816,2,25,0.05,36
1817,1817,0,-130,0.05,7
1818,1818,12,915,0.05,160
1819,1819,19,1745,0.05,305
1820,1820,11,1180,0.05,234
1821,1821,15,1180,0.05,226
1822,1822,0,-105,0.05,2
1823,1823,22,2230,0.05,387
1824,1824,23,2175,0.05,403
1825,1825,0,-110,0.05,3
1826,1826,0,-115,0.05,4
1827,1827,14,1085,0.05,178
1828,1828,17,1390,0.05,236
1829,1829,24,2165,0.05,342
1830,1830,0,-95,0.05,12
1831,1831,23,1880,0.05,310
1832,1832,19,1755,0.05,325
1833,1833,4,315,0.05,66
1834,1834,22,2095,0.05,354
1835,1835,24,2295,0.05,376
1836,1836,10,840,0.05,145
1837,1837,12,895,0.05,158
1838,1838,9,785,0.05,149
1839,1839,23,1955,0.05,353
1840,1840,17,1630,0.05,278
1841,1841,28,2810,0.05,509
1842,1842,26,2430,0.05,417
1843,1843,17,1290,0.05,228
1844,1844,7,525,0.05,113
1845,1845,13,1090,0.05,184
1846,1846,9,710,0.05,144
1847,1847,23,1930,0.05,332
1848,1848,24,2090,0.05,359
1849,1849,16,1525,0.05,286
1850,1850,4,205,0.05,46
1851,1851,24,2420,0.05,441
1852,1852,11,990,0.05,170
1853,1853,29,2275,0.05,405
1854,1854,10,790,0.05,143
1855,1855,16,1305,0.05,230
1856,1856,6,465,0.05,94
1857,1857,14,1110,0.05,187
1858,1858,1,35,0.05,29
1859,1859,10,775,0.05,140
1860,1860,23,2060,0.05,366
1861,1861,17,1425,0.05,237
1862,1862,9,735,0.05,131
1863,1863,7,525,0.05,95
1864,1864,20,1680,0.05,307
1865,1865,0,-100,0.05,9
1866,1866,8,690,0.05,129
1867,1867,13,1050,0.05,190
1868,1868,21,2035,0.05,399
1869,1869,19,1720,0.05,310
1870,1870,15,1200,0.05,210
1871,1871,9,645,0.05,131
1872,1872,14,1155,0.05,194
1873,1873,14,1420,0.05,253
1874,1874,8,700,0.05,129
1875,1875,29,2455,0.05,393
1876,1876,19,1515,0.05,257
1877,1877,26,2690,0.05,471
1878,1878,27,2235,0.05,401
1879,1879,11,1105,0.05,213
1880,1880,23,1950,0.05,352
1881,1881,4,215,0.05,48
1882,1882,9,735,0.05,167
1883,1883,37,3395,0.05,587
1884,1884,10,770,0.05,129
1885,1885,23,2215,0.05,363
1886,1886,6,465,0.05,110
1887,1887,16,1400,0.05,245
1888,1888,16,1450,0.05,283
1889,1889,0,-45,0.05,16
1890,1890,6,495,0.05,96
1891,1891,19,1890,0.05,332
1892,1892,17,1585,0.05,285
1893,1893,22,2000,0.05,361
1894,1894,18,1720,0.05,305
1895,1895,26,2370,0.05,481
1896,1896,10,860,0.05,151
1897,1897,0,-130,0.05,25
1898,1898,30,3015,0.05,496
1899,1899,16,1035,0.05,156
1900,1900,16,1190,0.05,207
1901,1901,17,1620,0.05,278
1902,1902,9,750,0.05,138
1903,1903,26,2320,0.05,395
1904,1904,5,505,0.05,115
1905,1905,20,1750,0.05,307
1906,1906,19,1770,0.05,300
1907,1907,21,1945,0.05,361
1908,1908,23,2220,0.05,392
1909,1909,20,1955,0.05,354
1910,1910,0,-105,0.05,4
1911,1911,17,1495,0.05,255
1912,1912,24,1725,0.05,268
1913,1913,12,1020,0.05,191
1914,1914,0,-85,0.05,6
1915,1915,20,1630,0.05,295
1916,1916,8,625,0.05,110
1917,1917,34,3175,0.05,574
1918,1918,17,1415,0.05,277
1919,1919,4,270,0.05,61
1920,1920,14,1390,0.05,259
1921,1921,16,1330,0.05,231
1922,1922,18,1690,0.05,293
1923,1923,21,2050,0.05,332
1924,1924,15,1475,0.05,247
1925,1925,16,1645,0.05,304
1926,1926,11,860,0.05,182
1927,1927,17,1415,0.05,241
1928,1928,0,-145,0.05,10
1929,1929,15,1250,0.05,210
1930,1930,25,2090,0.05,336
1931,1931,17,1475,0.05,267
1932,1932,25,2230,0.05,402
1933,1933,23,2085,0.05,341
1934,1934,0,-135,0.05,8
1935,1935,15,1185,0.05,223
1936,1936,19,1425,0.05,261
1937,1937,15,1535,0.05,279
1938,1938,15,1330,0.05,230
1939,1939,11,1165,0.05,203
1940,1940,2,85,0.05,32
1941,1941,31,2865,0.05,513
1942,1942,20,1735,0.05,274
1943,1943,26,2285,0.05,380
1944,1944,18,1690,0.05,285
1945,1945,3,255,0.05,63
1946,1946,13,1295,0.05,225
1947,1947,16,1330,0.05,233
1948,1948,14,1300,0.05,235
1949,1949,7,765,0.05,155
1950,1950,23,2095,0.05,353
1951,1951,5,335,0.05,71
1952,1952,10,805,0.05,148
1953,1953,5,355,0.05,73
1954,1954,0,-120,0.05,5
1955,1955,1,-5,0.05,17
1956,1956,20,2090,0.05,367
1957,1957,24,2030,0.05,369
1958,1958,25,2515,0.05,449
1959,1959,15,1210,0.05,246
1960,1960,16,1420,0.05,239
1961,1961,15,1125,0.05,183
1962,1962,0,-155,0.05,12
1963,1963,9,505,0.05,83
1964,1964,22,1945,0.05,348
1965,1965,13,900,0.05,158
1966,1966,10,780,0.05,137
1967,1967,36,3390,0.05,603
1968,1968,40,3675,0.05,662
1969,1969,17,1700,0.05,330
1970,1970,14,1385,0.05,280
1971,1971,6,510,0.05,95
1972,1972,18,2080,0.05,371
1973,1973,7,390,0.05,68
1974,1974,19,1705,0.05,285
1975,1975,15,1425,0.05,269
1976,1976,7,505,0.05,91
1977,1977,5,410,0.05,84
1978,1978,0,-155,0.05,12
1979,1979,18,1815,0.05,340
1980,1980,23,2390,0.05,408
1981,1981,14,1215,0.05,224
1982,1982,0,-155,0.05,12
1983,1983,20,1695,0.05,288
1984,1984,4,200,0.05,43
1985,1985,20,1825,0.05,302
1986,1986,0,-60,0.05,25
1987,1987,23,2075,0.05,401
1988,1988,5,355,0.05,75
1989,1989,14,1145,0.05,202
1990,1990,32,3270,0.05,571
1991,1991,23,2210,0.05,408
1992,1992,20,1850,0.05,321
1993,1993,21,2030,0.05,374
1994,1994,7,580,0.05,106
1995,1995,20,1725,0.05,312
1996,1996,0,-40,0.05,33
1997,1997,2,60,0.05,27
1998,1998,24,2060,0.05,389
1999,1999,11,1015,0.05,185
2000,2000,12,1150,0.05,207