0,0,1,-10,0.9970000000000003,30
1,1,0,-135,0.9904000000000011,66
2,2,0,-150,0.9873000000000014,31
3,3,0,-100,0.9872000000000014,1
4,4,0,-165,0.9840000000000018,32
5,5,0,-110,0.9825000000000019,15
6,6,0,-100,0.9824000000000019,1
7,7,0,-120,0.9783000000000024,41
8,8,1,-55,0.9760000000000026,23
9,9,0,-125,0.9754000000000027,6
10,10,0,-120,0.9715000000000031,39
11,11,0,-135,0.9679000000000035,36
12,12,0,-125,0.9673000000000036,6
13,13,0,-75,0.9629000000000041,44
14,14,0,-135,0.9523000000000053,106
15,15,0,-85,0.9491000000000056,32
16,16,0,-105,0.9487000000000056,4
17,17,0,-85,0.9471000000000058,16
18,18,0,-115,0.9467000000000059,4
19,19,0,-150,0.9416000000000064,51
20,20,0,-160,0.936900000000007,47
21,21,0,-110,0.936600000000007,3
22,22,0,-105,0.936400000000007,2
23,23,0,-145,0.9310000000000076,54
24,24,0,-60,0.927500000000008,35
25,25,0,-100,0.9130000000000096,145
26,26,0,-70,0.9079000000000101,51
27,27,1,-65,0.9072000000000102,7
28,28,0,-145,0.9052000000000104,20
29,29,0,-105,0.9050000000000105,2
30,30,0,-105,0.9048000000000105,2
31,31,0,-80,0.9007000000000109,41
32,32,0,-145,0.8927000000000118,80
33,33,0,-105,0.8925000000000118,2
34,34,0,-100,0.8810000000000131,115
35,35,0,-115,0.8802000000000132,8
36,36,0,-100,0.8799000000000132,3
37,37,0,-120,0.8762000000000136,37
38,38,0,-115,0.8734000000000139,28
39,39,0,-85,0.8698000000000143,36
40,40,0,-85,0.8688000000000144,10
41,41,0,-50,0.8619000000000152,69
42,42,0,-140,0.8588000000000156,31
43,43,0,-115,0.8584000000000156,4
44,44,0,-105,0.8582000000000156,2
45,45,0,-90,0.8569000000000158,13
46,46,0,-155,0.845300000000017,116
47,47,0,-110,0.8450000000000171,3
48,48,0,-120,0.8435000000000172,15
49,49,0,-70,0.8354000000000181,81
50,50,1,15,0.8315000000000186,39
51,51,0,-90,0.8310000000000186,5
52,52,0,-40,0.8229000000000195,81
53,53,0,-115,0.8157000000000203,72
54,54,0,-110,0.8154000000000203,3
55,55,0,-110,0.8149000000000204,5
56,56,0,-125,0.8135000000000205,14
57,57,0,-105,0.8075000000000212,60
58,58,0,-110,0.8042000000000216,33
59,59,0,-145,0.799800000000022,44
60,60,0,-35,0.7906000000000231,92
61,61,0,-175,0.7876000000000234,30
62,62,0,-150,0.7793000000000243,83
63,63,0,-110,0.773400000000025,59
64,64,1,-15,0.7615000000000263,119
65,65,0,-115,0.7581000000000266,34
66,66,1,-20,0.7483000000000277,98
67,67,0,-110,0.746200000000028,21
68,68,1,-60,0.7452000000000281,10
69,69,0,-110,0.7449000000000281,3
70,70,2,90,0.7308000000000296,141
71,71,0,-10,0.718700000000031,121
72,72,0,-55,0.7153000000000314,34
73,73,2,25,0.709500000000032,58
74,74,0,-130,0.7084000000000321,11
75,75,0,-110,0.7079000000000322,5
76,76,0,-55,0.7013000000000329,66
77,77,0,-125,0.700700000000033,6
78,78,0,-110,0.6958000000000335,49
79,79,0,-30,0.6921000000000339,37
80,80,3,170,0.6851000000000347,70
81,81,1,-40,0.6747000000000358,104
82,82,0,-55,0.6717000000000362,30
83,83,0,-85,0.6703000000000363,14
84,84,0,-105,0.6677000000000366,26
85,85,0,-140,0.6668000000000367,9
86,86,0,-75,0.6624000000000372,44
87,87,1,-55,0.6565000000000378,59
88,88,0,-120,0.654600000000038,19
89,89,0,-95,0.6540000000000381,6
90,90,0,-100,0.6523000000000383,17
91,91,3,75,0.6396000000000397,127
92,92,2,125,0.627600000000041,120
93,93,0,-105,0.6262000000000412,14
94,94,0,-130,0.6215000000000417,47
95,95,0,-100,0.618800000000042,27
96,96,1,-25,0.6153000000000424,35
97,97,1,-35,0.6112000000000428,41
98,98,0,-95,0.6084000000000431,28
99,99,0,-80,0.6021000000000438,63
100,100,0,-110,0.6018000000000439,3
101,101,0,-85,0.6010000000000439,8
102,102,4,275,0.5860000000000456,150
103,103,1,-40,0.5830000000000459,30
104,104,0,-80,0.5807000000000462,23
105,105,4,220,0.573200000000047,75
106,106,1,70,0.5670000000000477,62
107,107,0,-60,0.5647000000000479,23
108,108,0,-145,0.5627000000000482,20
109,109,0,-145,0.5611000000000483,16
110,110,0,-45,0.5527000000000493,84
111,111,3,200,0.54570000000005,70
112,112,0,-125,0.5449000000000501,8
113,113,0,-140,0.5434000000000503,15
114,114,4,200,0.5351000000000512,83
115,115,4,225,0.5237000000000525,114
116,116,0,-80,0.5230000000000525,7
117,117,0,-105,0.5156000000000533,74
118,118,0,-105,0.5154000000000534,2
119,119,0,-80,0.5139000000000535,15
120,120,4,215,0.5057000000000544,82
121,121,1,-40,0.5047000000000545,10
122,122,4,190,0.4954000000000556,93
123,123,5,285,0.4799000000000573,155
124,124,2,90,0.4750000000000578,49
125,125,0,-140,0.47390000000005794,11
126,126,1,0,0.4707000000000583,32
127,127,5,315,0.4588000000000596,119
128,128,1,5,0.4561000000000599,27
129,129,1,-10,0.4535000000000602,26
130,130,1,10,0.45010000000006056,34
131,131,0,-120,0.4496000000000606,5
132,132,0,-105,0.4488000000000607,8
133,133,0,-140,0.446100000000061,27
134,134,0,-135,0.4415000000000615,46
135,135,2,75,0.42750000000006305,140
136,136,3,100,0.4209000000000638,66
137,137,0,-70,0.4198000000000639,11
138,138,0,-110,0.41950000000006393,3
139,139,1,100,0.41310000000006464,64
140,140,3,305,0.40200000000006586,111
141,141,1,-30,0.40020000000006606,18
142,142,0,-105,0.4000000000000661,2
143,143,0,-100,0.39950000000006614,5
144,144,0,-80,0.39560000000006657,39
145,145,0,-160,0.3943000000000667,13
146,146,5,320,0.3843000000000678,100
147,147,6,455,0.3719000000000692,124
148,148,5,570,0.3519000000000714,200
149,149,1,25,0.3492000000000717,27
150,150,0,-50,0.34670000000007195,25
151,151,4,335,0.33590000000007314,108
152,152,3,200,0.3261000000000742,98
153,153,3,130,0.32230000000007464,38
154,154,6,435,0.3065000000000764,158
155,155,0,-100,0.30600000000007643,5
156,156,0,-110,0.30570000000007647,3
157,157,6,485,0.2929000000000779,128
158,158,3,170,0.28670000000007856,62
159,159,4,250,0.27780000000007954,89
160,160,6,510,0.264500000000081,133
161,161,5,480,0.2509000000000825,136
162,162,7,610,0.23690000000008404,140
163,163,2,165,0.22930000000008488,76
164,164,0,-90,0.22880000000008494,5
165,165,0,-125,0.228200000000085,6
166,166,9,900,0.2082000000000872,200
167,167,0,-80,0.2065000000000874,17
168,168,4,275,0.19850000000008827,80
169,169,5,415,0.18600000000008965,125
170,170,4,325,0.1784000000000905,76
171,171,0,-60,0.1773000000000906,11
172,172,7,590,0.16390000000009208,134
173,173,8,605,0.1501000000000936,138
174,174,0,-100,0.14980000000009364,3
175,175,10,790,0.13430000000009534,155
176,176,0,-120,0.1338000000000954,5
177,177,10,810,0.11790000000009616,159
178,178,9,820,0.10010000000009565,178
179,179,6,510,0.0876000000000953,125
180,180,10,925,0.06820000000009474,194
181,181,0,-90,0.06470000000009464,35
182,182,4,320,0.057200000000094425,75
183,183,4,390,0.05,87
184,184,9,890,0.05,170
185,185,0,-125,0.05,18
186,186,4,345,0.05,92
187,187,14,1120,0.05,205
188,188,9,735,0.05,179
189,189,0,-115,0.05,4
190,190,10,730,0.05,145
191,191,9,730,0.05,176
192,192,14,1185,0.05,228
193,193,12,1145,0.05,244
194,194,15,1070,0.05,190
195,195,8,610,0.05,111
196,196,7,665,0.05,145
197,197,9,810,0.05,194
198,198,10,1205,0.05,232
199,199,8,610,0.05,115
200,200,6,540,0.05,117
201,201,6,620,0.05,129
202,202,3,240,0.05,58
203,203,10,825,0.05,164
204,204,6,485,0.05,100
205,205,7,450,0.05,78
206,206,12,1080,0.05,225
207,207,14,1315,0.05,266
208,208,16,1395,0.05,278
209,209,0,-150,0.05,49
210,210,10,745,0.05,154
211,211,21,2035,0.05,367
212,212,6,520,0.05,107
213,213,10,680,0.05,133
214,214,3,225,0.05,59
215,215,12,1025,0.05,196
216,216,11,860,0.05,160
217,217,11,860,0.05,172
218,218,11,930,0.05,190
219,219,14,1275,0.05,254
220,220,9,820,0.05,170
221,221,7,460,0.05,102
222,222,2,110,0.05,35
223,223,11,870,0.05,176
224,224,0,-150,0.05,15
225,225,12,995,0.05,194
226,226,0,-125,0.05,14
227,227,0,-90,0.05,19
228,228,19,1700,0.05,302
229,229,6,595,0.05,124
230,230,7,520,0.05,104
231,231,16,1275,0.05,256
232,232,6,430,0.05,99
233,233,12,775,0.05,142
234,234,14,1215,0.05,228
235,235,9,610,0.05,124
236,236,0,-95,0.05,12
237,237,3,180,0.05,58
238,238,10,750,0.05,135
239,239,16,1350,0.05,253
240,240,8,730,0.05,167
241,241,16,1470,0.05,267
242,242,4,230,0.05,57
243,243,2,160,0.05,47
244,244,12,1225,0.05,250
245,245,5,485,0.05,101
246,246,7,525,0.05,101
247,247,6,495,0.05,100
248,248,11,1070,0.05,238
249,249,8,645,0.05,130
250,250,17,1450,0.05,310
251,251,16,1325,0.05,250
252,252,0,-80,0.05,13
253,253,14,1230,0.05,257
254,254,0,-80,0.05,7
255,255,27,2465,0.05,483
256,256,7,495,0.05,107
257,257,12,995,0.05,206
258,258,0,-85,0.05,32
259,259,8,840,0.05,181
260,260,13,1395,0.05,255
261,261,0,-110,0.05,11
262,262,10,935,0.05,194
263,263,12,935,0.05,178
264,264,6,505,0.05,124
265,265,16,1610,0.05,309
266,266,22,1930,0.05,371
267,267,0,-140,0.05,15
268,268,1,-10,0.05,16
269,269,5,555,0.05,127
270,270,9,680,0.05,146
271,271,26,2460,0.05,477
272,272,17,1580,0.05,294
273,273,4,210,0.05,67
274,274,8,465,0.05,100
275,275,19,1590,0.05,296
276,276,18,1440,0.05,265
277,277,11,930,0.05,186
278,278,7,490,0.05,110
279,279,18,1860,0.05,373
280,280,25,2060,0.05,370
281,281,16,1395,0.05,266
282,282,4,255,0.05,70
283,283,11,755,0.05,147
284,284,7,490,0.05,96
285,285,9,805,0.05,165
286,286,4,355,0.05,100
287,287,19,1795,0.05,349
288,288,5,365,0.05,73
289,289,29,2510,0.05,460
290,290,3,135,0.05,35
291,291,8,540,0.05,103
292,292,12,1005,0.05,186
293,293,0,-95,0.05,28
294,294,14,1445,0.05,268
295,295,6,465,0.05,90
296,296,0,-80,0.05,13
297,297,14,1150,0.05,225
298,298,9,835,0.05,151
299,299,0,-115,0.05,4
300,300,2,195,0.05,52
301,301,11,1070,0.05,212
302,302,35,3295,0.05,597
303,303,6,425,0.05,102
304,304,0,-115,0.05,20
305,305,0,-100,0.05,1
306,306,28,2430,0.05,427
307,307,8,625,0.05,110
308,308,27,2410,0.05,422
309,309,20,2115,0.05,370
310,310,38,3625,0.05,626
311,311,6,450,0.05,85
312,312,14,1420,0.05,263
313,313,3,275,0.05,63
314,314,14,1010,0.05,173
315,315,8,725,0.05,138
316,316,17,1545,0.05,275
317,317,18,1855,0.05,316
318,318,22,1960,0.05,373
319,319,2,190,0.05,61
320,320,28,2355,0.05,388
321,321,10,705,0.05,136
322,322,9,930,0.05,184
323,323,4,290,0.05,61
324,324,6,385,0.05,70
325,325,0,-130,0.05,7
326,326,22,2000,0.05,345
327,327,12,940,0.05,161
328,328,17,1730,0.05,304
329,329,0,-145,0.05,24
330,330,12,1105,0.05,198
331,331,0,-145,0.05,10
332,332,0,-100,0.05,25
333,333,15,1375,0.05,233
334,334,22,1905,0.05,352
335,335,17,1615,0.05,299
336,336,11,860,0.05,160
337,337,14,945,0.05,154
338,338,24,2585,0.05,472
339,339,0,-135,0.05,18
340,340,16,1375,0.05,236
341,341,22,1450,0.05,247
342,342,11,810,0.05,140
343,343,25,2200,0.05,426
344,344,4,265,0.05,66
345,345,25,2315,0.05,423
346,346,0,-150,0.05,15
347,347,0,-50,0.05,15
348,348,15,1485,0.05,267
349,349,16,1470,0.05,267
350,350,17,1800,0.05,354
351,351,1,15,0.05,29
352,352,17,1560,0.05,268
353,353,6,445,0.05,90
354,354,8,685,0.05,138
355,355,0,-175,0.05,16
356,356,0,-70,0.05,9
357,357,0,-135,0.05,8
358,358,7,550,0.05,114
359,359,12,1105,0.05,206
360,360,19,1490,0.05,266
361,361,7,500,0.05,98
362,362,0,-90,0.05,31
363,363,14,1335,0.05,254
364,364,11,1000,0.05,208
365,365,0,-140,0.05,9
366,366,0,-65,0.05,12
367,367,26,2560,0.05,497
368,368,3,140,0.05,44
369,369,29,2895,0.05,541
370,370,18,1405,0.05,272
371,371,9,760,0.05,144
372,372,0,-135,0.05,16
373,373,9,720,0.05,144
374,374,38,3765,0.05,706
375,375,18,1300,0.05,257
376,376,9,820,0.05,150
377,377,22,1805,0.05,346
378,378,34,3110,0.05,543
379,379,7,575,0.05,123
380,380,8,955,0.05,182
381,381,0,-95,0.05,10
382,382,24,2400,0.05,449
383,383,23,2020,0.05,382
384,384,15,1320,0.05,244
385,385,14,1340,0.05,239
386,386,10,755,0.05,130
387,387,7,450,0.05,82
388,388,0,-105,0.05,2
389,389,11,615,0.05,133
390,390,9,880,0.05,170
391,391,0,-100,0.05,1
392,392,15,1145,0.05,209
393,393,8,425,0.05,74
394,394,4,490,0.05,111
395,395,17,1790,0.05,338
396,396,29,2650,0.05,550
397,397,24,2090,0.05,397
398,398,5,405,0.05,87
399,399,12,1060,0.05,201
400,400,26,2390,0.05,463
401,401,0,-110,0.05,3
402,402,38,3185,0.05,542
403,403,20,2010,0.05,357
404,404,0,-110,0.05,19
405,405,17,1385,0.05,227
406,406,0,-185,0.05,22
407,407,0,-120,0.05,33
408,408,13,1010,0.05,196
409,409,0,0,0.05,23
410,410,12,1265,0.05,258
411,411,8,670,0.05,135
412,412,18,1515,0.05,310
413,413,20,1480,0.05,259
414,414,6,470,0.05,95
415,415,9,775,0.05,145
416,416,3,155,0.05,47
417,417,23,1820,0.05,328
418,418,0,-140,0.05,17
419,419,16,1565,0.05,294
420,420,4,140,0.05,45
421,421,27,2400,0.05,400
422,422,13,1300,0.05,232
423,423,5,565,0.05,117
424,424,9,620,0.05,150
425,425,23,2205,0.05,413
426,426,27,2680,0.05,518
427,427,24,2165,0.05,374
428,428,14,1240,0.05,231
429,429,0,-135,0.05,8
430,430,0,-85,0.05,24
431,431,29,2735,0.05,481
432,432,16,1165,0.05,250
433,433,27,2320,0.05,428
434,434,16,1205,0.05,220
435,435,26,2435,0.05,448
436,436,31,2650,0.05,484
437,437,9,1075,0.05,201
438,438,26,2370,0.05,425
439,439,8,760,0.05,139
440,440,31,2660,0.05,500
441,441,10,850,0.05,147
442,442,13,980,0.05,166
443,443,0,-115,0.05,4
444,444,34,2880,0.05,543
445,445,14,1375,0.05,256
446,446,18,1590,0.05,279
447,447,3,160,0.05,74
448,448,19,1560,0.05,296
449,449,16,1325,0.05,250
450,450,0,-60,0.05,13
451,451,26,2360,0.05,461
452,452,6,525,0.05,108
453,453,10,830,0.05,159
454,454,18,1380,0.05,257
455,455,0,-220,0.05,25
456,456,11,840,0.05,146
457,457,32,3200,0.05,557
458,458,13,1310,0.05,246
459,459,0,-130,0.05,13
460,460,17,1565,0.05,277
461,461,29,2520,0.05,502
462,462,25,2125,0.05,393
463,463,14,1200,0.05,211
464,464,8,780,0.05,143
465,465,4,280,0.05,115
466,466,23,1880,0.05,324
467,467,1,65,0.05,31
468,468,17,1535,0.05,297
469,469,13,1250,0.05,218
470,470,0,-85,0.05,8
471,471,4,275,0.05,62
472,472,7,385,0.05,67
473,473,27,2765,0.05,479
474,474,13,1085,0.05,191
475,475,17,1630,0.05,274
476,476,0,-115,0.05,4
477,477,0,5,0.05,26
478,478,22,2065,0.05,364
479,479,23,2210,0.05,408
480,480,18,1750,0.05,343
481,481,16,1390,0.05,243
482,482,34,2975,0.05,520
483,483,4,345,0.05,78
484,484,13,1025,0.05,181
485,485,8,625,0.05,112
486,486,7,450,0.05,108
487,487,0,-105,0.05,2
488,488,15,1385,0.05,255
489,489,0,-115,0.05,4
490,490,29,2935,0.05,519
491,491,9,1055,0.05,197
492,492,31,2895,0.05,507
493,493,17,1325,0.05,223
494,494,0,-100,0.05,29
495,495,6,650,0.05,129
496,496,13,960,0.05,184
497,497,9,610,0.05,114
498,498,22,2120,0.05,375
499,499,13,1010,0.05,194
500,500,0,-40,0.05,19
501,501,19,1745,0.05,293
502,502,6,320,0.05,67
503,503,20,1910,0.05,343
504,504,23,2075,0.05,397
505,505,0,-65,0.05,10
506,506,19,1690,0.05,302
507,507,6,450,0.05,85
508,508,11,710,0.05,116
509,509,12,810,0.05,147
510,510,9,715,0.05,129
511,511,17,1335,0.05,247
512,512,13,1170,0.05,212
513,513,22,2085,0.05,348
514,514,14,1075,0.05,176
515,515,10,1035,0.05,192
516,516,31,2840,0.05,510
517,517,0,-65,0.05,18
518,518,6,470,0.05,95
519,519,33,3070,0.05,546
520,520,21,2220,0.05,412
521,521,0,-115,0.05,18
522,522,13,1165,0.05,199
523,523,26,2565,0.05,446
524,524,37,3530,0.05,642
525,525,5,540,0.05,122
526,526,21,2055,0.05,359
527,527,22,1800,0.05,357
528,528,0,-125,0.05,6
529,529,25,2305,0.05,383
530,530,0,-90,0.05,11
531,531,14,1090,0.05,187
532,532,16,1505,0.05,274
533,533,16,1350,0.05,239
534,534,22,1865,0.05,344
535,535,14,1100,0.05,187
536,536,19,1775,0.05,333
537,537,21,1970,0.05,370
538,538,4,290,0.05,81
539,539,2,30,0.05,19
540,540,6,565,0.05,134
541,541,17,1565,0.05,295
542,542,6,630,0.05,135
543,543,27,2510,0.05,456
544,544,6,570,0.05,121
545,545,27,2595,0.05,503
546,546,29,3020,0.05,566
547,547,29,2465,0.05,481
548,548,17,1620,0.05,304
549,549,25,2360,0.05,420
550,550,0,-85,0.05,28
551,551,2,115,0.05,38
552,552,27,2260,0.05,378
553,553,22,1920,0.05,333
554,554,0,-90,0.05,5
555,555,5,310,0.05,64
556,556,27,2610,0.05,448
557,557,25,2415,0.05,403
558,558,5,355,0.05,105
559,559,0,-110,0.05,3
560,560,15,1250,0.05,212
561,561,23,1935,0.05,329
562,562,22,1880,0.05,317
563,563,1,15,0.05,21
564,564,20,1700,0.05,303
565,565,10,770,0.05,141
566,566,18,1690,0.05,323
567,567,0,-160,0.05,17
568,568,18,1580,0.05,309
569,569,14,1115,0.05,188
570,570,3,190,0.05,52
571,571,19,1730,0.05,288
572,572,0,-110,0.05,17
573,573,22,2080,0.05,399
574,574,17,1370,0.05,232
575,575,14,1280,0.05,243
576,576,0,-140,0.05,9
577,577,15,1110,0.05,186
578,578,11,880,0.05,162
579,579,6,560,0.05,111
580,580,25,2155,0.05,407
581,581,20,1830,0.05,313
582,582,13,1100,0.05,204
583,583,21,1935,0.05,371
584,584,10,840,0.05,147
585,585,20,1590,0.05,351
586,586,17,1460,0.05,262
587,587,11,860,0.05,162
588,588,13,1125,0.05,197
589,589,0,-95,0.05,4
590,590,6,465,0.05,90
591,591,26,2530,0.05,463
592,592,14,1425,0.05,256
593,593,17,1300,0.05,236
594,594,14,1430,0.05,275
595,595,15,1335,0.05,239
596,596,10,735,0.05,124
597,597,20,1930,0.05,341
598,598,29,3020,0.05,570
599,599,7,485,0.05,91
600,600,26,2480,0.05,443
601,601,12,1110,0.05,219
602,602,13,945,0.05,167
603,603,7,530,0.05,102
604,604,16,1430,0.05,279
605,605,18,1525,0.05,288
606,606,12,1065,0.05,188
607,607,27,2580,0.05,472
608,608,0,-150,0.05,11
609,609,30,2425,0.05,490
610,610,8,700,0.05,125
611,611,0,-125,0.05,6
612,612,0,-100,0.05,3
613,613,18,1520,0.05,271
614,614,7,825,0.05,157
615,615,9,635,0.05,113
616,616,16,1300,0.05,225
617,617,3,210,0.05,56
618,618,4,305,0.05,64
619,619,9,680,0.05,116
620,620,16,1300,0.05,219
621,621,0,-165,0.05,18
622,622,9,635,0.05,121
623,623,21,1850,0.05,390
624,624,0,-115,0.05,4
625,625,25,2070,0.05,366
626,626,15,1430,0.05,256
627,627,20,1530,0.05,247
628,628,10,1030,0.05,181
629,629,10,780,0.05,135
630,630,0,-170,0.05,23
631,631,20,1840,0.05,337
632,632,13,1060,0.05,188
633,633,11,930,0.05,180
634,634,39,3350,0.05,616
635,635,0,-100,0.05,1
636,636,17,1560,0.05,288
637,637,18,1775,0.05,318
638,638,13,1095,0.05,217
639,639,13,1305,0.05,233
640,640,13,1220,0.05,210
641,641,4,265,0.05,58
642,642,0,-100,0.05,1
643,643,35,3250,0.05,686
644,644,15,1255,0.05,229
645,645,35,3260,0.05,610
646,646,26,2430,0.05,439
647,647,22,2005,0.05,344
648,648,4,230,0.05,77
649,649,15,1240,0.05,204
650,650,27,2740,0.05,520
651,651,0,-70,0.05,11
652,652,22,1805,0.05,330
653,653,21,2030,0.05,370
654,654,4,255,0.05,58
655,655,8,790,0.05,187
656,656,20,2205,0.05,388
657,657,0,-65,0.05,10
658,658,4,280,0.05,67
659,659,0,-100,0.05,1
660,660,5,240,0.05,48
661,661,8,785,0.05,148
662,662,16,1290,0.05,237
663,663,2,90,0.05,33
664,664,30,2880,0.05,497
665,665,17,1330,0.05,220
666,666,12,970,0.05,173
667,667,0,-70,0.05,9
668,668,5,225,0.05,63
669,669,21,1615,0.05,269
670,670,12,880,0.05,163
671,671,0,-200,0.05,23
672,672,0,-100,0.05,3
673,673,19,1620,0.05,286
674,674,12,1215,0.05,240
675,675,11,1120,0.05,242
676,676,11,880,0.05,148
677,677,26,2595,0.05,484
678,678,11,790,0.05,158
679,679,17,1500,0.05,258
680,680,0,-115,0.05,4
681,681,31,3050,0.05,550
682,682,8,545,0.05,100
683,683,0,-150,0.05,11
684,684,0,-115,0.05,4
685,685,12,1060,0.05,179
686,686,16,1230,0.05,203
687,687,0,-105,0.05,16
688,688,29,2560,0.05,468
689,689,0,-100,0.05,1
690,690,5,410,0.05,84
691,691,25,2245,0.05,371
692,692,32,2940,0.05,507
693,693,28,2440,0.05,437
694,694,23,2140,0.05,372
695,695,18,1295,0.05,204
696,696,11,1070,0.05,186
697,697,20,1825,0.05,344
698,698,0,-80,0.05,23
699,699,5,380,0.05,78
700,700,21,1750,0.05,320
701,701,14,1115,0.05,200
702,702,3,255,0.05,83
703,703,30,2555,0.05,474
704,704,4,290,0.05,65
705,705,16,1645,0.05,304
706,706,17,1475,0.05,261
707,707,18,1640,0.05,281
708,708,22,1815,0.05,344
709,709,3,190,0.05,66
710,710,0,-80,0.05,19
711,711,13,1265,0.05,245
712,712,11,1050,0.05,222
713,713,13,1220,0.05,220
714,714,2,65,0.05,26
715,715,24,2210,0.05,363
716,716,15,1300,0.05,238
717,717,5,425,0.05,89
718,718,25,2595,0.05,465
719,719,7,740,0.05,152
720,720,31,2860,0.05,506
721,721,41,3975,0.05,741
722,722,0,-90,0.05,31
723,723,24,2305,0.05,392
724,724,19,1930,0.05,336
725,725,10,830,0.05,169
726,726,12,990,0.05,187
727,727,9,790,0.05,154
728,728,7,695,0.05,143
729,729,29,2600,0.05,478
730,730,8,520,0.05,111
731,731,18,1420,0.05,239
732,732,21,1785,0.05,317
733,733,28,2580,0.05,437
734,734,29,2695,0.05,503
735,735,14,1280,0.05,227
736,736,13,1435,0.05,257
737,737,0,-100,0.05,1
738,738,15,1260,0.05,216
739,739,16,1245,0.05,278
740,740,4,305,0.05,74
741,741,29,2535,0.05,465
742,742,6,470,0.05,107
743,743,15,1275,0.05,209
744,744,12,940,0.05,153
745,745,0,-70,0.05,9
746,746,14,1150,0.05,225
747,747,1,-55,0.05,7
748,748,29,2915,0.05,519
749,749,25,2405,0.05,491
750,750,4,240,0.05,51
751,751,10,775,0.05,140
752,752,14,1315,0.05,230
753,753,0,-105,0.05,16
754,754,7,640,0.05,134
755,755,18,1630,0.05,305
756,756,10,885,0.05,166
757,757,39,3655,0.05,631
758,758,34,3185,0.05,546
759,759,17,1335,0.05,229
760,760,0,-130,0.05,9
761,761,24,2520,0.05,421
762,762,21,1740,0.05,296
763,763,0,-130,0.05,11
764,764,21,1845,0.05,343
765,765,25,2165,0.05,357
766,766,16,1190,0.05,209
767,767,20,1880,0.05,311
768,768,21,1930,0.05,342
769,769,1,25,0.05,39
770,770,4,295,0.05,64
771,771,13,950,0.05,160
772,772,30,2755,0.05,458
773,773,25,2260,0.05,462
774,774,14,1120,0.05,187
775,775,15,1330,0.05,236
776,776,17,1665,0.05,301
777,777,24,2275,0.05,404
778,778,28,2805,0.05,542
779,779,1,20,0.05,24
780,780,0,-130,0.05,7
781,781,4,250,0.05,57
782,782,28,2815,0.05,540
783,783,7,505,0.05,95
784,784,16,1365,0.05,216
785,785,10,950,0.05,207
786,786,19,1765,0.05,327
787,787,21,1775,0.05,319
788,788,11,855,0.05,149
789,789,16,1150,0.05,203
790,790,21,1945,0.05,363
791,791,5,230,0.05,64
792,792,5,385,0.05,73
793,793,14,1165,0.05,222
794,794,0,-115,0.05,20
795,795,23,2095,0.05,377
796,796,0,-105,0.05,2
797,797,15,1225,0.05,221
798,798,6,795,0.05,154
799,799,23,2175,0.05,391
800,800,15,1175,0.05,277
801,801,12,1055,0.05,184
802,802,22,2160,0.05,369
803,803,9,790,0.05,146
804,804,17,1200,0.05,224
805,805,22,1985,0.05,330
806,806,14,1255,0.05,224
807,807,13,1100,0.05,224
808,808,9,590,0.05,104
809,809,10,845,0.05,152
810,810,26,2255,0.05,406
811,811,22,1870,0.05,391
812,812,15,1315,0.05,249
813,813,18,1545,0.05,260
814,814,0,-90,0.05,7
815,815,12,1065,0.05,196
816,816,34,3110,0.05,583
817,817,15,1355,0.05,231
818,818,9,915,0.05,177
819,819,9,655,0.05,117
820,820,16,1195,0.05,196
821,821,23,2155,0.05,369
822,822,11,1025,0.05,177
823,823,25,2370,0.05,476
824,824,14,1465,0.05,262
825,825,27,2580,0.05,506
826,826,13,1205,0.05,213
827,827,28,2365,0.05,422
828,828,7,715,0.05,143
829,829,1,5,0.05,19
830,830,13,1280,0.05,244
831,831,0,-120,0.05,5
832,832,11,1030,0.05,186
833,833,10,780,0.05,135
834,834,13,1170,0.05,214
835,835,11,935,0.05,183
836,836,24,2180,0.05,397
837,837,9,685,0.05,121
838,838,18,1640,0.05,297
839,839,19,1650,0.05,330
840,840,13,1190,0.05,202
841,841,1,20,0.05,22
842,842,20,1535,0.05,330
843,843,10,740,0.05,133
844,844,4,315,0.05,68
845,845,10,775,0.05,180
846,846,26,2275,0.05,384
847,847,5,455,0.05,95
848,848,0,-100,0.05,1
849,849,21,2190,0.05,396
850,850,18,1725,0.05,312
851,851,25,2085,0.05,369
852,852,6,525,0.05,110
853,853,0,10,0.05,41
854,854,22,2100,0.05,353
855,855,29,2575,0.05,449
856,856,9,965,0.05,181
857,857,22,1980,0.05,373
858,858,15,1405,0.05,243
859,859,24,1940,0.05,339
860,860,17,1620,0.05,304
861,861,2,25,0.05,18
862,862,1,15,0.05,21
863,863,25,2365,0.05,451
864,864,0,-65,0.05,10
865,865,27,2575,0.05,495
866,866,24,2150,0.05,395
867,867,25,2490,0.05,458
868,868,32,2805,0.05,502
869,869,0,-100,0.05,1
870,870,5,445,0.05,91
871,871,3,275,0.05,73
872,872,12,920,0.05,195
873,873,15,1200,0.05,230
874,874,31,2760,0.05,470
875,875,0,-140,0.05,9
876,876,25,2105,0.05,339
877,877,20,2105,0.05,406
878,878,16,1510,0.05,305
879,879,5,520,0.05,108
880,880,11,1160,0.05,232
881,881,0,-105,0.05,2
882,882,0,-70,0.05,13
883,883,2,220,0.05,59
884,884,12,960,0.05,203
885,885,0,-115,0.05,4
886,886,29,2765,0.05,499
887,887,0,-110,0.05,3
888,888,7,850,0.05,166
889,889,18,1610,0.05,283
890,890,12,850,0.05,163
891,891,8,475,0.05,86
892,892,1,-35,0.05,27
893,893,18,1600,0.05,281
894,894,1,5,0.05,17
895,895,16,1150,0.05,181
896,896,0,-65,0.05,10
897,897,16,1420,0.05,261
898,898,9,795,0.05,141
899,899,14,1145,0.05,236
900,900,10,790,0.05,157
901,901,8,490,0.05,95
902,902,18,1500,0.05,275
903,903,24,2040,0.05,379
904,904,20,2020,0.05,393
905,905,4,180,0.05,41
906,906,5,695,0.05,141
907,907,9,630,0.05,126
908,908,15,1195,0.05,233
909,909,25,2285,0.05,391
910,910,1,170,0.05,52
911,911,20,1840,0.05,339
912,912,0,-140,0.05,9
913,913,10,875,0.05,150
914,914,24,2205,0.05,392
915,915,24,2245,0.05,392
916,916,13,1305,0.05,251
917,917,0,-110,0.05,3
918,918,17,1470,0.05,278
919,919,10,830,0.05,141
920,920,5,350,0.05,70
921,921,11,905,0.05,157
922,922,25,2150,0.05,370
923,923,23,2235,0.05,437
924,924,7,595,0.05,127
925,925,0,-140,0.05,21
926,926,10,970,0.05,173
927,927,4,280,0.05,67
928,928,32,3060,0.05,555
929,929,8,600,0.05,113
930,930,0,-85,0.05,8
931,931,29,2685,0.05,503
932,932,7,620,0.05,112
933,933,3,135,0.05,37
934,934,14,1050,0.05,179
935,935,0,-70,0.05,9
936,936,27,2625,0.05,483
937,937,0,-130,0.05,7
938,938,13,1215,0.05,217
939,939,0,-105,0.05,14
940,940,6,425,0.05,90
941,941,11,1095,0.05,195
942,942,0,-125,0.05,6
943,943,9,880,0.05,192
944,944,10,935,0.05,182
945,945,25,2210,0.05,384
946,946,3,200,0.05,48
947,947,0,-145,0.05,24
948,948,19,1750,0.05,300
949,949,17,1370,0.05,258
950,950,0,-120,0.05,5
951,951,14,1135,0.05,190
952,952,11,1070,0.05,190
953,953,0,-145,0.05,10
954,954,12,1135,0.05,204
955,955,27,2410,0.05,502
956,956,0,-60,0.05,11
957,957,0,-140,0.05,9
958,958,13,890,0.05,196
959,959,30,2760,0.05,505
960,960,13,1115,0.05,201
961,961,18,1595,0.05,270
962,962,0,-90,0.05,25
963,963,9,685,0.05,141
964,964,5,330,0.05,78
965,965,0,-125,0.05,10
966,966,35,2955,0.05,585
967,967,23,2075,0.05,389
968,968,21,2210,0.05,408
969,969,8,820,0.05,151
970,970,18,1465,0.05,232
971,971,0,-100,0.05,3
972,972,23,2220,0.05,430
973,973,15,1480,0.05,316
974,974,2,60,0.05,25
975,975,1,70,0.05,122
976,976,0,-110,0.05,3
977,977,4,330,0.05,75
978,978,0,-135,0.05,8
979,979,21,1915,0.05,345
980,980,18,1620,0.05,269
981,981,14,1205,0.05,206
982,982,0,-120,0.05,5
983,983,10,830,0.05,149
984,984,4,370,0.05,77
985,985,19,1710,0.05,302
986,986,18,1615,0.05,280
987,987,7,475,0.05,83
988,988,13,1250,0.05,226
989,989,0,-90,0.05,15
990,990,0,-140,0.05,9
991,991,2,40,0.05,21
992,992,8,730,0.05,141
993,993,0,-125,0.05,6
994,994,13,1170,0.05,212
995,995,21,1835,0.05,345
996,996,22,1935,0.05,314
997,997,6,465,0.05,108
998,998,7,385,0.05,71
999,999,12,1235,0.05,232
1000,1000,26,2410,0.05,417
1001,1001,13,1030,0.05,214
1002,1002,9,780,0.05,142
1003,1003,30,2310,0.05,411
1004,1004,3,130,0.05,54
1005,1005,0,-90,0.05,9
1006,1006,15,1315,0.05,233
1007,1007,26,2150,0.05,361
1008,1008,0,-60,0.05,15
1009,1009,16,1315,0.05,236
1010,1010,23,2315,0.05,401
1011,1011,20,1880,0.05,341
1012,1012,18,1685,0.05,312
1013,1013,9,810,0.05,144
1014,1014,13,1160,0.05,218
1015,1015,14,1085,0.05,176
1016,1016,13,1210,0.05,212
1017,1017,0,-85,0.05,6
1018,1018,9,735,0.05,137
1019,1019,19,1455,0.05,247
1020,1020,13,1170,0.05,216
1021,1021,4,360,0.05,79
1022,1022,26,2380,0.05,455
1023,1023,0,-135,0.05,8
1024,1024,28,2660,0.05,477
1025,1025,14,1250,0.05,229
1026,1026,4,195,0.05,44
1027,1027,11,855,0.05,165
1028,1028,0,-90,0.05,5
1029,1029,22,1785,0.05,328
1030,1030,17,1525,0.05,267
1031,1031,14,1415,0.05,270
1032,1032,12,965,0.05,164
1033,1033,0,-100,0.05,1
1034,1034,21,2040,0.05,374
1035,1035,7,640,0.05,154
1036,1036,0,-100,0.05,7
1037,1037,0,-110,0.05,3
1038,1038,19,1910,0.05,338
1039,1039,0,-120,0.05,23
1040,1040,0,-125,0.05,22
1041,1041,7,555,0.05,109
1042,1042,4,320,0.05,87
1043,1043,0,-145,0.05,26
1044,1044,20,1750,0.05,377
1045,1045,26,2375,0.05,464
1046,1046,22,2190,0.05,427
1047,1047,13,1015,0.05,181
1048,1048,16,1435,0.05,262
1049,1049,0,-105,0.05,10
1050,1050,22,1815,0.05,378
1051,1051,11,945,0.05,175
1052,1052,19,1660,0.05,288
1053,1053,18,1570,0.05,259
1054,1054,13,1150,0.05,200
1055,1055,17,1300,0.05,234
1056,1056,5,340,0.05,78
1057,1057,22,2010,0.05,367
1058,1058,1,60,0.05,30
1059,1059,11,840,0.05,168
1060,1060,0,-100,0.05,1
1061,1061,12,1075,0.05,194
1062,1062,8,645,0.05,128
1063,1063,15,1235,0.05,207
1064,1064,0,-150,0.05,11
1065,1065,19,1700,0.05,294
1066,1066,12,1075,0.05,248
1067,1067,5,370,0.05,76
1068,1068,24,2205,0.05,376
1069,1069,23,2075,0.05,381
1070,1070,18,1635,0.05,282
1071,1071,26,2465,0.05,516
1072,1072,14,1365,0.05,242
1073,1073,0,-100,0.05,21
1074,1074,0,-55,0.05,16
1075,1075,2,205,0.05,70
1076,1076,0,-140,0.05,9
1077,1077,0,-140,0.05,23
1078,1078,5,465,0.05,119
1079,1079,11,865,0.05,167
1080,1080,30,2740,0.05,543
1081,1081,17,1770,0.05,400
1082,1082,24,2095,0.05,396
1083,1083,20,1975,0.05,348
1084,1084,24,2315,0.05,396
1085,1085,26,2075,0.05,326
1086,1086,27,2630,0.05,508
1087,1087,11,935,0.05,175
1088,1088,10,950,0.05,169
1089,1089,18,1490,0.05,279
1090,1090,11,930,0.05,156
1091,1091,6,265,0.05,58
1092,1092,1,80,0.05,34
1093,1093,1,35,0.05,39
1094,1094,0,-110,0.05,13
1095,1095,19,1455,0.05,251
1096,1096,0,-130,0.05,7
1097,1097,23,2045,0.05,371
1098,1098,21,1700,0.05,298
1099,1099,25,2630,0.05,438
1100,1100,10,985,0.05,176
1101,1101,14,1030,0.05,177
1102,1102,19,1765,0.05,299
1103,1103,2,160,0.05,53
1104,1104,28,2675,0.05,490
1105,1105,26,2435,0.05,428
1106,1106,0,-80,0.05,19
1107,1107,10,925,0.05,170
1108,1108,43,3905,0.05,685
1109,1109,0,-110,0.05,13
1110,1110,14,1415,0.05,274
1111,1111,11,845,0.05,145
1112,1112,16,1375,0.05,244
1113,1113,22,2145,0.05,394
1114,1114,9,750,0.05,142
1115,1115,13,1125,0.05,197
1116,1116,13,1165,0.05,229
1117,1117,18,1465,0.05,248
1118,1118,4,305,0.05,62
1119,1119,10,855,0.05,146
1120,1120,15,1600,0.05,304
1121,1121,0,-140,0.05,9
1122,1122,5,330,0.05,70
1123,1123,31,2815,0.05,529
1124,1124,0,-100,0.05,3
1125,1125,12,940,0.05,175
1126,1126,3,60,0.05,22
1127,1127,0,-140,0.05,9
1128,1128,19,1660,0.05,306
1129,1129,39,3635,0.05,717
1130,1130,3,200,0.05,50
1131,1131,9,755,0.05,145
1132,1132,18,1540,0.05,251
1133,1133,21,1695,0.05,277
1134,1134,22,1890,0.05,361
1135,1135,0,-105,0.05,2
1136,1136,20,1805,0.05,310
1137,1137,0,-85,0.05,14
1138,1138,0,-105,0.05,2
1139,1139,6,450,0.05,89
1140,1140,27,2285,0.05,365
1141,1141,19,1715,0.05,307
1142,1142,11,1000,0.05,186
1143,1143,15,1415,0.05,247
1144,1144,10,735,0.05,124
1145,1145,18,1750,0.05,295
1146,1146,26,2440,0.05,389
1147,1147,8,675,0.05,118
1148,1148,4,175,0.05,38
1149,1149,17,1670,0.05,298
1150,1150,0,-115,0.05,4
1151,1151,15,1325,0.05,227
1152,1152,8,610,0.05,105
1153,1153,0,-100,0.05,21
1154,1154,10,830,0.05,155
1155,1155,19,1755,0.05,323
1156,1156,31,2630,0.05,438
1157,1157,9,765,0.05,135
1158,1158,17,1610,0.05,286
1159,1159,0,-65,0.05,12
1160,1160,17,1380,0.05,226
1161,1161,0,-130,0.05,7
1162,1162,38,3630,0.05,605
1163,1163,17,1470,0.05,238
1164,1164,24,1915,0.05,306
1165,1165,8,610,0.05,129
1166,1166,0,-100,0.05,33
1167,1167,8,615,0.05,116
1168,1168,3,365,0.05,91
1169,1169,1,50,0.05,28
1170,1170,0,-105,0.05,8
1171,1171,22,1935,0.05,346
1172,1172,0,-120,0.05,31
1173,1173,11,990,0.05,186
1174,1174,23,2385,0.05,427
1175,1175,19,1465,0.05,253
1176,1176,23,1960,0.05,348
1177,1177,9,655,0.05,119
1178,1178,5,380,0.05,78
1179,1179,1,35,0.05,25
1180,1180,9,805,0.05,143
1181,1181,9,770,0.05,138
1182,1182,9,820,0.05,146
1183,1183,0,-145,0.05,26
1184,1184,9,960,0.05,198
1185,1185,0,-75,0.05,10
1186,1186,0,-120,0.05,5
1187,1187,0,-90,0.05,5
1188,1188,0,-130,0.05,7
1189,1189,13,1090,0.05,208
1190,1190,25,1910,0.05,292
1191,1191,13,1235,0.05,233
1192,1192,4,185,0.05,52
1193,1193,15,1110,0.05,212
1194,1194,0,-105,0.05,18
1195,1195,0,-80,0.05,17
1196,1196,23,2010,0.05,376
1197,1197,25,2590,0.05,446
1198,1198,24,1980,0.05,325
1199,1199,0,-110,0.05,3
1200,1200,24,1925,0.05,340
1201,1201,25,2675,0.05,461
1202,1202,7,480,0.05,110
1203,1203,23,2070,0.05,340
1204,1204,25,2215,0.05,351
1205,1205,8,890,0.05,167
1206,1206,0,-120,0.05,9
1207,1207,17,1455,0.05,243
1208,1208,4,380,0.05,85
1209,1209,20,1740,0.05,295
1210,1210,33,3065,0.05,505
1211,1211,30,2910,0.05,495
1212,1212,0,-75,0.05,10
1213,1213,17,1580,0.05,266
1214,1214,15,1340,0.05,242
1215,1215,21,1915,0.05,317
1216,1216,9,660,0.05,114
1217,1217,7,675,0.05,123
1218,1218,24,2055,0.05,332
1219,1219,19,1690,0.05,272
1220,1220,15,1285,0.05,219
1221,1221,7,440,0.05,78
1222,1222,17,1520,0.05,258
1223,1223,24,2195,0.05,380
1224,1224,26,2470,0.05,441
1225,1225,17,1505,0.05,261
1226,1226,17,1845,0.05,323
1227,1227,0,-105,0.05,2
1228,1228,25,1885,0.05,361
1229,1229,28,2570,0.05,439
1230,1230,16,1315,0.05,226
1231,1231,6,460,0.05,83
1232,1232,11,905,0.05,159
1233,1233,0,-140,0.05,9
1234,1234,7,615,0.05,117
1235,1235,27,2795,0.05,497
1236,1236,9,805,0.05,155
1237,1237,12,1115,0.05,198
1238,1238,19,1350,0.05,210
1239,1239,7,510,0.05,98
1240,1240,8,580,0.05,99
1241,1241,12,1195,0.05,216
1242,1242,26,2415,0.05,466
1243,1243,5,455,0.05,89
1244,1244,15,1415,0.05,267
1245,1245,10,1015,0.05,188
1246,1246,13,895,0.05,151
1247,1247,4,455,0.05,96
1248,1248,4,205,0.05,48
1249,1249,4,280,0.05,85
1250,1250,31,2875,0.05,505
1251,1251,22,2060,0.05,349
1252,1252,0,-100,0.05,7
1253,1253,15,1460,0.05,252
1254,1254,6,545,0.05,112
1255,1255,7,685,0.05,125
1256,1256,4,215,0.05,48
1257,1257,15,1325,0.05,233
1258,1258,21,1980,0.05,362
1259,1259,11,1020,0.05,176
1260,1260,21,1525,0.05,267
1261,1261,7,520,0.05,94
1262,1262,16,1310,0.05,281
1263,1263,12,1045,0.05,174
1264,1264,23,2060,0.05,348
1265,1265,0,-120,0.05,5
1266,1266,23,2295,0.05,435
1267,1267,19,1895,0.05,337
1268,1268,0,-135,0.05,8
1269,1269,18,1715,0.05,324
1270,1270,21,2045,0.05,431
1271,1271,18,1520,0.05,273
1272,1272,0,-85,0.05,14
1273,1273,10,905,0.05,162
1274,1274,0,-80,0.05,7
1275,1275,25,2535,0.05,437
1276,1276,25,2320,0.05,396
1277,1277,14,1260,0.05,247
1278,1278,13,1140,0.05,210
1279,1279,23,2200,0.05,368
1280,1280,0,-85,0.05,38
1281,1281,3,215,0.05,53
1282,1282,8,630,0.05,117
1283,1283,8,785,0.05,154
1284,1284,22,1855,0.05,328
1285,1285,13,1160,0.05,240
1286,1286,0,-130,0.05,7
1287,1287,10,1045,0.05,192
1288,1288,0,-110,0.05,3
1289,1289,16,1525,0.05,270
1290,1290,20,1865,0.05,334
1291,1291,0,-100,0.05,1
1292,1292,32,2815,0.05,534
1293,1293,28,2865,0.05,492
1294,1294,13,1020,0.05,186
1295,1295,17,1410,0.05,236
1296,1296,2,140,0.05,49
1297,1297,8,600,0.05,107
1298,1298,0,-105,0.05,2
1299,1299,17,1510,0.05,278
1300,1300,14,1310,0.05,227
1301,1301,16,1510,0.05,275
1302,1302,24,2245,0.05,366
1303,1303,19,1710,0.05,306
1304,1304,22,1755,0.05,356
1305,1305,10,980,0.05,173
1306,1306,4,280,0.05,65
1307,1307,5,485,0.05,101
1308,1308,7,575,0.05,107
1309,1309,6,520,0.05,105
1310,1310,12,1105,0.05,196
1311,1311,20,1670,0.05,293
1312,1312,16,1155,0.05,194
1313,1313,18,1780,0.05,349
1314,1314,12,970,0.05,171
1315,1315,13,945,0.05,203
1316,1316,4,340,0.05,71
1317,1317,7,515,0.05,101
1318,1318,8,575,0.05,120
1319,1319,9,705,0.05,129
1320,1320,20,1690,0.05,287
1321,1321,12,1035,0.05,212
1322,1322,7,520,0.05,106
1323,1323,5,270,0.05,52
1324,1324,7,590,0.05,110
1325,1325,5,250,0.05,62
1326,1326,0,-105,0.05,2
1327,1327,24,1965,0.05,378
1328,1328,19,1915,0.05,327
1329,1329,0,-75,0.05,16
1330,1330,14,1235,0.05,206
1331,1331,21,1640,0.05,292
1332,1332,16,1395,0.05,270
1333,1333,15,1455,0.05,263
1334,1334,2,130,0.05,41
1335,1335,14,1425,0.05,268
1336,1336,0,-120,0.05,5
1337,1337,0,-120,0.05,5
1338,1338,18,1510,0.05,281
1339,1339,16,1455,0.05,266
1340,1340,13,1050,0.05,186
1341,1341,0,-75,0.05,8
1342,1342,17,1765,0.05,301
1343,1343,10,915,0.05,160
1344,1344,17,1680,0.05,304
1345,1345,0,-110,0.05,21
1346,1346,17,1725,0.05,325
1347,1347,15,1140,0.05,188
1348,1348,0,-70,0.05,27
1349,1349,25,2430,0.05,444
1350,1350,12,1020,0.05,175
1351,1351,0,-120,0.05,5
1352,1352,31,2615,0.05,493
1353,1353,9,770,0.05,142
1354,1354,26,2545,0.05,432
1355,1355,36,3450,0.05,697
1356,1356,8,650,0.05,119
1357,1357,20,1590,0.05,251
1358,1358,0,-70,0.05,9
1359,1359,22,1640,0.05,255
1360,1360,10,880,0.05,167
1361,1361,3,170,0.05,42
1362,1362,2,20,0.05,17
1363,1363,29,2880,0.05,488
1364,1364,0,-105,0.05,2
1365,1365,4,305,0.05,64
1366,1366,41,3565,0.05,653
1367,1367,8,775,0.05,142
1368,1368,8,820,0.05,163
1369,1369,8,610,0.05,129
1370,1370,0,-80,0.05,15
1371,1371,29,2445,0.05,443
1372,1372,25,1950,0.05,340
1373,1373,18,1345,0.05,222
1374,1374,37,3320,0.05,590
1375,1375,32,3080,0.05,563
1376,1376,11,770,0.05,130
1377,1377,5,245,0.05,61
1378,1378,10,820,0.05,137
1379,1379,24,2360,0.05,455
1380,1380,16,1545,0.05,258
1381,1381,13,1150,0.05,216
1382,1382,19,1495,0.05,253
1383,1383,6,405,0.05,76
1384,1384,10,760,0.05,125
1385,1385,29,3030,0.05,516
1386,1386,17,1305,0.05,231
1387,1387,9,805,0.05,155
1388,1388,6,490,0.05,93
1389,1389,20,1635,0.05,276
1390,1390,0,-35,0.05,24
1391,1391,5,465,0.05,99
1392,1392,0,-90,0.05,15
1393,1393,42,4085,0.05,802
1394,1394,24,2285,0.05,396
1395,1395,20,1750,0.05,305
1396,1396,2,135,0.05,44
1397,1397,1,-25,0.05,25
1398,1398,15,1240,0.05,224
1399,1399,24,2005,0.05,330
1400,1400,17,1300,0.05,222
1401,1401,13,945,0.05,157
1402,1402,17,1330,0.05,224
1403,1403,2,50,0.05,23
1404,1404,4,380,0.05,87
1405,1405,27,2480,0.05,448
1406,1406,16,1395,0.05,260
1407,1407,31,2995,0.05,551
1408,1408,4,310,0.05,93
1409,1409,25,2365,0.05,435
1410,1410,31,2880,0.05,492
1411,1411,0,-70,0.05,21
1412,1412,36,2855,0.05,512
1413,1413,9,560,0.05,92
1414,1414,14,1155,0.05,212
1415,1415,16,1375,0.05,230
1416,1416,1,0,0.05,22
1417,1417,0,-90,0.05,5
1418,1418,15,1330,0.05,236
1419,1419,31,2835,0.05,501
1420,1420,12,885,0.05,174
1421,1421,32,2925,0.05,540
1422,1422,0,-115,0.05,4
1423,1423,2,80,0.05,31
1424,1424,16,1410,0.05,235
1425,1425,23,2070,0.05,358
1426,1426,24,2090,0.05,365
1427,1427,18,1510,0.05,279
1428,1428,19,1770,0.05,300
1429,1429,22,1885,0.05,314
1430,1430,24,2090,0.05,355
1431,1431,0,-130,0.05,7
1432,1432,17,1540,0.05,252
1433,1433,9,770,0.05,138
1434,1434,27,2395,0.05,445
1435,1435,0,-100,0.05,11
1436,1436,28,2715,0.05,444
1437,1437,14,1300,0.05,257
1438,1438,20,1805,0.05,350
1439,1439,7,580,0.05,112
1440,1440,11,890,0.05,154
1441,1441,14,1255,0.05,230
1442,1442,13,1030,0.05,186
1443,1443,17,1410,0.05,248
1444,1444,18,1705,0.05,318
1445,1445,21,1535,0.05,261
1446,1446,23,2155,0.05,397
1447,1447,8,710,0.05,125
1448,1448,3,335,0.05,77
1449,1449,6,390,0.05,81
1450,1450,12,905,0.05,152
1451,1451,24,2140,0.05,369
1452,1452,12,1200,0.05,249
1453,1453,23,2365,0.05,423
1454,1454,0,-45,0.05,14
1455,1455,25,2420,0.05,404
1456,1456,12,1070,0.05,189
1457,1457,13,1310,0.05,244
1458,1458,7,590,0.05,112
1459,1459,0,-120,0.05,5
1460,1460,17,1615,0.05,279
1461,1461,5,375,0.05,75
1462,1462,18,1415,0.05,236
1463,1463,17,1445,0.05,269
1464,1464,0,-105,0.05,2
1465,1465,24,2355,0.05,396
1466,1466,14,1180,0.05,205
1467,1467,11,1005,0.05,175
1468,1468,2,230,0.05,59
1469,1469,33,3015,0.05,507
1470,1470,12,1045,0.05,180
1471,1471,9,780,0.05,134
1472,1472,0,-85,0.05,14
1473,1473,12,1175,0.05,204
1474,1474,13,1010,0.05,170
1475,1475,21,1995,0.05,339
1476,1476,12,805,0.05,134
1477,1477,14,1080,0.05,179
1478,1478,17,1450,0.05,242
1479,1479,5,395,0.05,79
1480,1480,24,2365,0.05,406
1481,1481,0,-135,0.05,8
1482,1482,16,1530,0.05,305
1483,1483,16,1360,0.05,249
1484,1484,4,260,0.05,59
1485,1485,11,1130,0.05,208
1486,1486,15,1410,0.05,264
1487,1487,10,790,0.05,147
1488,1488,22,2040,0.05,347
1489,1489,17,1600,0.05,292
1490,1490,34,3200,0.05,555
1491,1491,18,1595,0.05,274
1492,1492,0,-130,0.05,7
1493,1493,0,-90,0.05,29
1494,1494,16,1250,0.05,239
1495,1495,13,1410,0.05,260
1496,1496,8,840,0.05,165
1497,1497,24,2440,0.05,445
1498,1498,16,1215,0.05,222
1499,1499,15,1270,0.05,224
1500,1500,9,740,0.05,142
1501,1501,0,-120,0.05,5
1502,1502,5,225,0.05,45
1503,1503,11,1025,0.05,201
1504,1504,10,825,0.05,158
1505,1505,14,1140,0.05,189
1506,1506,6,335,0.05,72
1507,1507,0,-80,0.05,7
1508,1508,0,-110,0.05,3
1509,1509,11,845,0.05,143
1510,1510,18,1695,0.05,346
1511,1511,7,500,0.05,104
1512,1512,23,2020,0.05,348
1513,1513,11,845,0.05,143
1514,1514,17,1535,0.05,259
1515,1515,20,1790,0.05,303
1516,1516,3,225,0.05,55
1517,1517,0,-100,0.05,1
1518,1518,20,1435,0.05,234
1519,1519,9,785,0.05,137
1520,1520,0,-120,0.05,5
1521,1521,5,475,0.05,103
1522,1522,16,1365,0.05,246
1523,1523,15,1220,0.05,216
1524,1524,7,850,0.05,166
1525,1525,23,2320,0.05,418
1526,1526,18,1695,0.05,304
1527,1527,24,2130,0.05,367
1528,1528,22,1915,0.05,356
1529,1529,3,295,0.05,81
1530,1530,0,-125,0.05,10
1531,1531,26,2580,0.05,449
1532,1532,18,1700,0.05,295
1533,1533,16,1500,0.05,267
1534,1534,24,2280,0.05,403
1535,1535,6,515,0.05,98
1536,1536,22,1745,0.05,298
1537,1537,9,750,0.05,142
1538,1538,11,920,0.05,152
1539,1539,13,960,0.05,174
1540,1540,23,2000,0.05,348
1541,1541,35,3150,0.05,536
1542,1542,10,735,0.05,124
1543,1543,0,-155,0.05,12
1544,1544,23,2220,0.05,404
1545,1545,0,-90,0.05,7
1546,1546,6,465,0.05,94
1547,1547,12,925,0.05,182
1548,1548,31,2565,0.05,487
1549,1549,12,1085,0.05,218
1550,1550,0,-125,0.05,10
1551,1551,6,550,0.05,105
1552,1552,0,-80,0.05,9
1553,1553,0,-110,0.05,3
1554,1554,23,2085,0.05,367
1555,1555,30,2755,0.05,466
1556,1556,7,615,0.05,135
1557,1557,14,1410,0.05,253
1558,1558,4,260,0.05,73
1559,1559,0,-130,0.05,7
1560,1560,6,425,0.05,84
1561,1561,0,-130,0.05,7
1562,1562,38,2970,0.05,467
1563,1563,0,-130,0.05,19
1564,1564,6,445,0.05,86
1565,1565,10,665,0.05,110
1566,1566,14,1040,0.05,185
1567,1567,0,-120,0.05,5
1568,1568,13,1085,0.05,183
1569,1569,10,895,0.05,168
1570,1570,0,-100,0.05,17
1571,1571,0,-110,0.05,3
1572,1572,18,1810,0.05,319
1573,1573,0,-55,0.05,14
1574,1574,19,1585,0.05,279
1575,1575,9,655,0.05,147
1576,1576,26,2550,0.05,433
1577,1577,22,1835,0.05,344
1578,1578,23,2415,0.05,463
1579,1579,34,3245,0.05,594
1580,1580,1,40,0.05,26
1581,1581,29,2615,0.05,481
1582,1582,6,490,0.05,115
1583,1583,38,3765,0.05,612
1584,1584,23,2060,0.05,362
1585,1585,10,850,0.05,173
1586,1586,9,955,0.05,175
1587,1587,20,1970,0.05,339
1588,1588,3,250,0.05,60
1589,1589,17,1600,0.05,322
1590,1590,30,2850,0.05,489
1591,1591,0,-155,0.05,12
1592,1592,11,810,0.05,144
1593,1593,8,465,0.05,86
1594,1594,6,410,0.05,83
1595,1595,11,855,0.05,143
1596,1596,9,710,0.05,124
1597,1597,16,1350,0.05,243
1598,1598,6,370,0.05,73
1599,1599,17,1585,0.05,279
1600,1600,24,2130,0.05,351
1601,1601,0,-85,0.05,22
1602,1602,11,1140,0.05,206
1603,1603,32,2795,0.05,460
1604,1604,19,1755,0.05,305
1605,1605,0,-95,0.05,12
1606,1606,0,-125,0.05,6
1607,1607,17,1470,0.05,254
1608,1608,19,1540,0.05,298
1609,1609,23,2130,0.05,356
1610,1610,35,3265,0.05,655
1611,1611,0,-110,0.05,3
1612,1612,29,2670,0.05,490
1613,1613,21,1925,0.05,331
1614,1614,2,190,0.05,51
1615,1615,5,465,0.05,101
1616,1616,2,290,0.05,73
1617,1617,23,1810,0.05,308
1618,1618,26,2465,0.05,418
1619,1619,0,-105,0.05,8
1620,1620,7,420,0.05,76
1621,1621,15,1130,0.05,208
1622,1622,21,1615,0.05,281
1623,1623,7,410,0.05,82
1624,1624,21,1705,0.05,281
1625,1625,28,2555,0.05,518
1626,1626,11,735,0.05,129
1627,1627,27,2430,0.05,430
1628,1628,10,850,0.05,169
1629,1629,7,655,0.05,127
1630,1630,11,960,0.05,174
1631,1631,15,1300,0.05,242
1632,1632,24,2360,0.05,453
1633,1633,8,635,0.05,124
1634,1634,0,-100,0.05,11
1635,1635,24,2495,0.05,444
1636,1636,26,2390,0.05,423
1637,1637,10,770,0.05,161
1638,1638,17,1780,0.05,346
1639,1639,16,1385,0.05,232
1640,1640,20,1560,0.05,273
1641,1641,32,2920,0.05,541
1642,1642,14,1365,0.05,248
1643,1643,15,1260,0.05,220
1644,1644,18,1520,0.05,263
1645,1645,15,1270,0.05,234
1646,1646,0,-115,0.05,6
1647,1647,24,2090,0.05,403
1648,1648,0,-115,0.05,4
1649,1649,4,320,0.05,75
1650,1650,28,2475,0.05,466
1651,1651,19,1680,0.05,288
1652,1652,37,3110,0.05,574
1653,1653,25,2030,0.05,348
1654,1654,4,410,0.05,89
1655,1655,15,1165,0.05,223
1656,1656,8,615,0.05,110
1657,1657,15,1365,0.05,239
1658,1658,5,490,0.05,102
1659,1659,9,690,0.05,130
1660,1660,18,1440,0.05,245
1661,1661,27,2460,0.05,426
1662,1662,19,1990,0.05,350
1663,1663,15,1380,0.05,266
1664,1664,15,1390,0.05,262
1665,1665,6,465,0.05,90
1666,1666,23,2020,0.05,392
1667,1667,20,1850,0.05,307
1668,1668,32,3105,0.05,510
1669,1669,10,885,0.05,162
1670,1670,23,2070,0.05,362
1671,1671,58,5290,0.05,903
1672,1672,32,3215,0.05,560
1673,1673,28,2665,0.05,466
1674,1674,14,1245,0.05,216
1675,1675,8,555,0.05,98
1676,1676,0,-105,0.05,2
1677,1677,24,2195,0.05,374
1678,1678,15,1285,0.05,217
1679,1679,17,1410,0.05,228
1680,1680,12,1150,0.05,199
1681,1681,15,1430,0.05,248
1682,1682,0,-60,0.05,11
1683,1683,25,2500,0.05,416
1684,1684,17,1580,0.05,280
1685,1685,0,-60,0.05,11
1686,1686,10,790,0.05,137
1687,1687,10,795,0.05,138
1688,1688,9,700,0.05,120
1689,1689,40,3865,0.05,778
1690,1690,8,565,0.05,100
1691,1691,20,1775,0.05,350
1692,1692,11,910,0.05,154
1693,1693,40,3850,0.05,671
1694,1694,10,905,0.05,170
1695,1695,16,1520,0.05,267
1696,1696,15,1300,0.05,216
1697,1697,24,2105,0.05,356
1698,1698,26,2500,0.05,429
1699,1699,9,575,0.05,97
1700,1700,24,2320,0.05,395
1701,1701,9,770,0.05,142
1702,1702,21,2100,0.05,354
1703,1703,8,690,0.05,123
1704,1704,14,1170,0.05,207
1705,1705,30,2655,0.05,458
1706,1706,15,1160,0.05,200
1707,1707,19,1780,0.05,292
1708,1708,18,1665,0.05,290
1709,1709,2,180,0.05,49
1710,1710,20,1770,0.05,311
1711,1711,28,2530,0.05,453
1712,1712,15,1270,0.05,228
1713,1713,2,105,0.05,34
1714,1714,19,1700,0.05,314
1715,1715,7,495,0.05,99
1716,1716,23,2215,0.05,401
1717,1717,15,1185,0.05,199
1718,1718,15,1220,0.05,214
1719,1719,36,3440,0.05,599
1720,1720,17,1530,0.05,254
1721,1721,32,2830,0.05,465
1722,1722,3,80,0.05,24
1723,1723,31,2620,0.05,432
1724,1724,38,3255,0.05,610
1725,1725,54,4995,0.05,934
1726,1726,13,1190,0.05,210
1727,1727,24,2295,0.05,442
1728,1728,38,3615,0.05,706
1729,1729,19,1705,0.05,313
1730,1730,8,505,0.05,86
1731,1731,15,1385,0.05,253
1732,1732,0,-45,0.05,32
1733,1733,0,-130,0.05,9
1734,1734,0,-100,0.05,1
1735,1735,26,2585,0.05,442
1736,1736,4,240,0.05,59
1737,1737,43,3590,0.05,596
1738,1738,3,230,0.05,66
1739,1739,11,930,0.05,166
1740,1740,39,4080,0.05,762
1741,1741,19,1760,0.05,312
1742,1742,0,-125,0.05,6
1743,1743,14,1315,0.05,232
1744,1744,28,2380,0.05,387
1745,1745,35,3400,0.05,570
1746,1746,31,3010,0.05,548
1747,1747,11,790,0.05,156
1748,1748,22,1945,0.05,318
1749,1749,15,1335,0.05,253
1750,1750,18,1655,0.05,276
1751,1751,5,375,0.05,75
1752,1752,8,705,0.05,142
1753,1753,13,1380,0.05,256
1754,1754,4,405,0.05,86
1755,1755,20,1620,0.05,301
1756,1756,15,1275,0.05,211
1757,1757,11,780,0.05,138
1758,1758,11,815,0.05,139
1759,1759,34,3240,0.05,563
1760,1760,24,2180,0.05,361
1761,1761,1,50,0.05,32
1762,1762,14,1090,0.05,183
1763,1763,23,2075,0.05,333
1764,1764,26,2445,0.05,414
1765,1765,8,590,0.05,117
1766,1766,14,1105,0.05,194
1767,1767,6,445,0.05,122
1768,1768,17,1440,0.05,266
1769,1769,20,1705,0.05,290
1770,1770,0,-115,0.05,16
1771,1771,20,1805,0.05,318
1772,1772,4,380,0.05,83
1773,1773,8,810,0.05,147
1774,1774,11,845,0.05,165
1775,1775,17,1695,0.05,299
1776,1776,6,365,0.05,78
1777,1777,16,1620,0.05,285
1778,1778,5,515,0.05,101
1779,1779,28,2450,0.05,427
1780,1780,23,2125,0.05,401
1781,1781,31,2655,0.05,493
1782,1782,25,2165,0.05,391
1783,1783,7,565,0.05,105
1784,1784,22,1935,0.05,340
1785,1785,39,3470,0.05,672
1786,1786,23,1885,0.05,313
1787,1787,0,-115,0.05,4
1788,1788,4,355,0.05,74
1789,1789,12,1025,0.05,174
1790,1790,22,2055,0.05,336
1791,1791,32,3150,0.05,537
1792,1792,20,1625,0.05,294
1793,1793,0,-105,0.05,2
1794,1794,12,1110,0.05,211
1795,1795,12,930,0.05,171
1796,1796,6,300,0.05,69
1797,1797,3,345,0.05,93
1798,1798,33,3430,0.05,592
1799,1799,23,1835,0.05,295
1800,1800,19,1765,0.05,285
1801,1801,0,-60,0.05,19
1802,1802,15,1415,0.05,253
1803,1803,28,2790,0.05,509
1804,1804,17,1445,0.05,261
1805,1805,15,1340,0.05,234
1806,1806,14,1050,0.05,179
1807,1807,35,2855,0.05,483
1808,1808,8,790,0.05,167
1809,1809,0,-80,0.05,9
1810,1810,0,-70,0.05,9
1811,1811,8,485,0.05,82
1812,1812,0,-80,0.05,9
1813,1813,14,1080,0.05,195
1814,1814,8,620,0.05,125
1815,1815,14,1300,0.05,243
1816,1816,23,2145,0.05,377
1817,1817,0,-125,0.05,8
1818,1818,16,1365,0.05,232
1819,1819,11,985,0.05,169
1820,1820,21,1980,0.05,398
1821,1821,28,2885,0.05,508
1822,1822,24,2315,0.05,426
1823,1823,10,960,0.05,177
1824,1824,29,2490,0.05,498
1825,1825,15,1405,0.05,241
1826,1826,19,1690,0.05,296
1827,1827,8,680,0.05,121
1828,1828,18,1915,0.05,340
1829,1829,4,250,0.05,53
1830,1830,29,2810,0.05,502
1831,1831,13,1070,0.05,182
1832,1832,13,1075,0.05,189
1833,1833,7,630,0.05,146
1834,1834,16,1440,0.05,259
1835,1835,29,2485,0.05,477
1836,1836,4,350,0.05,75
1837,1837,10,795,0.05,142
1838,1838,20,1460,0.05,229
1839,1839,0,-145,0.05,24
1840,1840,18,1415,0.05,250
1841,1841,27,2390,0.05,418
1842,1842,33,2930,0.05,560
1843,1843,0,-100,0.05,1
1844,1844,14,1410,0.05,277
1845,1845,10,685,0.05,122
1846,1846,7,740,0.05,152
1847,1847,20,1595,0.05,278
1848,1848,19,1735,0.05,311
1849,1849,29,2710,0.05,482
1850,1850,27,2580,0.05,468
1851,1851,22,1850,0.05,295
1852,1852,21,1970,0.05,344
1853,1853,0,-135,0.05,8
1854,1854,7,450,0.05,80
1855,1855,20,2045,0.05,358
1856,1856,10,860,0.05,157
1857,1857,12,1200,0.05,213
1858,1858,21,1700,0.05,278
1859,1859,21,1995,0.05,331
1860,1860,16,1170,0.05,195
1861,1861,14,1205,0.05,202
1862,1862,18,1600,0.05,269
1863,1863,7,665,0.05,125
1864,1864,26,2490,0.05,447
1865,1865,10,625,0.05,112
1866,1866,22,2160,0.05,381
1867,1867,0,-135,0.05,8
1868,1868,12,1200,0.05,219
1869,1869,15,1250,0.05,204
1870,1870,27,2370,0.05,418
1871,1871,0,-125,0.05,6
1872,1872,31,2400,0.05,412
1873,1873,11,765,0.05,149
1874,1874,0,-125,0.05,6
1875,1875,21,1950,0.05,322
1876,1876,4,255,0.05,56
1877,1877,9,775,0.05,143
1878,1878,18,1440,0.05,283
1879,1879,11,870,0.05,180
1880,1880,14,1130,0.05,199
1881,1881,4,360,0.05,79
1882,1882,17,1335,0.05,251
1883,1883,0,-115,0.05,4
1884,1884,11,1070,0.05,210
1885,1885,0,-60,0.05,11
1886,1886,3,160,0.05,40
1887,1887,2,75,0.05,28
1888,1888,12,960,0.05,161
1889,1889,10,980,0.05,185
1890,1890,20,2080,0.05,363
1891,1891,0,-120,0.05,5
1892,1892,0,-100,0.05,1
1893,1893,17,1315,0.05,229
1894,1894,32,2850,0.05,485
1895,1895,11,875,0.05,169
1896,1896,10,1050,0.05,197
1897,1897,26,2395,0.05,466
1898,1898,0,-105,0.05,2
1899,1899,0,-110,0.05,3
1900,1900,6,445,0.05,86
1901,1901,37,3685,0.05,693
1902,1902,17,1410,0.05,244
1903,1903,5,305,0.05,59
1904,1904,10,910,0.05,161
1905,1905,25,2475,0.05,437
1906,1906,0,-105,0.05,2
1907,1907,17,1415,0.05,257
1908,1908,17,1650,0.05,322
1909,1909,16,1250,0.05,205
1910,1910,6,640,0.05,127
1911,1911,9,775,0.05,143
1912,1912,23,1775,0.05,317
1913,1913,7,535,0.05,97
1914,1914,13,1025,0.05,191
1915,1915,10,865,0.05,164
1916,1916,0,-100,0.05,1
1917,1917,12,960,0.05,165
1918,1918,0,-160,0.05,15
1919,1919,18,1750,0.05,323
1920,1920,0,-70,0.05,15
1921,1921,19,1645,0.05,321
1922,1922,5,415,0.05,97
1923,1923,32,3105,0.05,556
1924,1924,8,725,0.05,130
1925,1925,18,1535,0.05,262
1926,1926,11,1075,0.05,193
1927,1927,39,3820,0.05,678
1928,1928,15,1240,0.05,212
1929,1929,21,1880,0.05,330
1930,1930,13,1010,0.05,198
1931,1931,16,1345,0.05,228
1932,1932,13,1240,0.05,216
1933,1933,16,1545,0.05,274
1934,1934,24,2095,0.05,356
1935,1935,5,305,0.05,65
1936,1936,7,505,0.05,89
1937,1937,26,2150,0.05,343
1938,1938,9,800,0.05,162
1939,1939,8,730,0.05,135
1940,1940,30,2885,0.05,524
1941,1941,5,365,0.05,81
1942,1942,11,855,0.05,161
1943,1943,27,2500,0.05,408
1944,1944,6,325,0.05,66
1945,1945,12,1230,0.05,225
1946,1946,35,3140,0.05,526
1947,1947,22,2065,0.05,346
1948,1948,0,-105,0.05,18
1949,1949,2,130,0.05,39
1950,1950,6,480,0.05,97
1951,1951,30,3225,0.05,660
1952,1952,0,-120,0.05,13
1953,1953,4,340,0.05,81
1954,1954,5,360,0.05,72
1955,1955,9,720,0.05,126
1956,1956,7,615,0.05,115
1957,1957,14,1030,0.05,191
1958,1958,15,1120,0.05,178
1959,1959,18,1480,0.05,237
1960,1960,21,1850,0.05,306
1961,1961,0,-40,0.05,19
1962,1962,0,-75,0.05,44
1963,1963,6,375,0.05,106
1964,1964,12,965,0.05,192
1965,1965,17,1560,0.05,276
1966,1966,18,1655,0.05,274
1967,1967,7,540,0.05,102
1968,1968,0,-135,0.05,12
1969,1969,11,760,0.05,130
1970,1970,9,715,0.05,127
1971,1971,8,670,0.05,129
1972,1972,11,960,0.05,160
1973,1973,17,1675,0.05,281
1974,1974,32,3015,0.05,542
1975,1975,22,2155,0.05,356
1976,1976,15,1310,0.05,226
1977,1977,24,2315,0.05,414
1978,1978,20,1570,0.05,251
1979,1979,21,1820,0.05,320
1980,1980,11,860,0.05,186
1981,1981,0,-100,0.05,7
1982,1982,0,-100,0.05,1
1983,1983,3,260,0.05,58
1984,1984,25,2385,0.05,407
1985,1985,13,960,0.05,160
1986,1986,9,950,0.05,208
1987,1987,14,1310,0.05,225
1988,1988,24,2265,0.05,394
1989,1989,7,425,0.05,111
1990,1990,10,980,0.05,179
1991,1991,36,3350,0.05,553
1992,1992,28,2620,0.05,489
1993,1993,5,395,0.05,81
1994,1994,25,2025,0.05,363
1995,1995,14,1220,0.05,213
1996,1996,0,-65,0.05,12
1997,1997,8,665,0.05,140
1998,1998,8,630,0.05,143
1999,1999,3,205,0.05,57
2000,2000,23,2245,0.05,427