game,score,mean_reward,eps,time,loss
0,0,-103,0.9933,6,0.0
1,0,-101,0.9865999999999999,2,0.0
2,0,-101,0.9798999999999999,12,0.0
3,0,-104,0.9731999999999998,59,0.0
4,0,-100,0.9664999999999998,5,0.0
5,0,-102,0.9597999999999998,3,0.0
6,0,-107,0.9530999999999997,8,0.0
7,0,-101,0.9463999999999997,2,0.0
8,0,-105,0.9396999999999996,46,0.0
9,1,-81,0.9329999999999996,39,0.0
10,0,-103,0.9262999999999996,4,0.0
11,0,-86,0.9195999999999995,139,0.0
12,0,-106,0.9128999999999995,27,0.0
13,0,-110,0.9061999999999995,19,0.0
14,0,-107,0.8994999999999994,20,0.0
15,0,-98,0.8927999999999994,27,0.0
16,0,-103,0.8860999999999993,10,0.0
17,0,-103,0.8793999999999993,6,0.0
18,0,-113,0.8726999999999993,14,0.0
19,4,-25,0.8659999999999992,304,0.0
20,0,-110,0.8592999999999992,67,0.0
21,0,-90,0.8525999999999991,25,0.0
22,0,-83,0.8458999999999991,76,0.0
23,0,-101,0.8391999999999991,8,0.0
24,1,-77,0.832499999999999,37,0.0
25,1,-86,0.825799999999999,52,0.0
26,0,-111,0.8190999999999989,36,0.0
27,0,-101,0.8123999999999989,14,0.0
28,0,-110,0.8056999999999989,81,0.0
29,2,-68,0.7989999999999988,59,0.0
30,0,-101,0.7922999999999988,44,0.0
31,0,-100,0.7855999999999987,1,0.0
32,2,-47,0.7788999999999987,122,0.0
33,0,-105,0.7721999999999987,14,0.0
34,0,-104,0.7654999999999986,11,0.0
35,0,-104,0.7587999999999986,5,0.0
36,3,-42,0.7520999999999985,164,0.0
37,0,-110,0.7453999999999985,65,0.0
38,0,-99,0.7386999999999985,36,0.0
39,0,-101,0.7319999999999984,2,0.0
40,0,-106,0.7252999999999984,15,0.0
41,0,-100,0.7185999999999984,1,0.0
42,0,-104,0.7118999999999983,5,0.0
43,0,-100,0.7051999999999983,3,0.0
44,0,-102,0.6984999999999982,19,0.0
45,0,-103,0.6917999999999982,6,0.0
46,4,-22,0.6850999999999982,119,0.0
47,0,-95,0.6783999999999981,30,0.0
48,3,-51,0.6716999999999981,85,0.0
49,3,-47,0.664999999999998,73,0.0
50,0,-105,0.658299999999998,12,0.0
51,0,-103,0.651599999999998,10,0.0
52,0,-101,0.6448999999999979,2,0.0
53,4,-28,0.6381999999999979,133,0.0
54,0,-99,0.6314999999999978,4,0.0
55,0,-92,0.6247999999999978,27,0.0
56,0,-100,0.6180999999999978,1,0.0
57,2,-52,0.6113999999999977,121,0.0
58,0,-106,0.6046999999999977,17,0.0
59,4,-9,0.5979999999999976,130,0.0
60,0,-105,0.5912999999999976,26,0.0
61,4,-23,0.5845999999999976,200,0.0
62,0,-105,0.5778999999999975,6,0.0
63,0,-98,0.5711999999999975,9,0.0
64,0,-96,0.5644999999999974,27,0.0
65,0,-94,0.5577999999999974,35,0.0
66,0,-102,0.5510999999999974,7,0.0
67,3,-47,0.5443999999999973,71,0.0
68,0,-84,0.5376999999999973,71,0.0
69,0,-99,0.5309999999999973,30,0.0
70,1,-83,0.5242999999999972,93,0.0
71,0,-98,0.5175999999999972,13,0.0
72,5,27,0.5108999999999971,207,0.0
73,4,-40,0.5041999999999971,55,0.0
74,0,-101,0.4974999999999971,26,0.0
75,3,-52,0.4907999999999971,102,0.0
76,3,-21,0.48409999999999714,113,0.0
77,0,-95,0.47739999999999716,12,0.0
78,6,12,0.4706999999999972,135,0.0
79,3,-53,0.4639999999999972,47,0.0
80,6,-1,0.4572999999999972,90,0.0
81,4,-32,0.4505999999999972,123,0.0
82,0,-105,0.44389999999999724,6,0.0
83,1,-75,0.43719999999999726,45,0.0
84,0,-100,0.4304999999999973,3,0.0
85,2,-55,0.4237999999999973,38,0.0
86,4,-3,0.4170999999999973,160,0.0
87,2,-72,0.4103999999999973,29,0.0
88,0,-107,0.40369999999999734,8,0.0
89,2,-33,0.39699999999999736,98,0.0
90,0,-96,0.39029999999999737,17,0.0
91,2,-63,0.3835999999999974,32,0.0
92,3,-34,0.3768999999999974,94,0.0
93,0,-107,0.3701999999999974,8,0.0
94,2,-45,0.36349999999999744,82,0.0
95,0,-101,0.35679999999999745,2,0.0
96,0,-83,0.35009999999999747,22,0.0
97,4,2,0.3433999999999975,131,0.0
98,7,39,0.3366999999999975,149,0.0
99,5,-29,0.3299999999999975,71,0.0
100,5,-11,0.32329999999999753,71,0.0
101,4,-21,0.31659999999999755,102,0.0
102,6,47,0.30989999999999757,152,0.0
103,6,35,0.3031999999999976,154,0.0
104,2,-82,0.2964999999999976,23,0.0
105,0,-94,0.2897999999999976,17,0.0
106,0,-102,0.28309999999999763,5,0.0
107,0,-98,0.27639999999999765,19,0.0
108,0,-104,0.26969999999999766,9,0.0
109,3,-39,0.2629999999999977,67,0.0
110,0,-117,0.2562999999999977,18,0.0
111,4,-17,0.24959999999999768,74,0.0
112,4,-15,0.24289999999999767,68,0.0
113,1,-64,0.23619999999999766,64,0.0
114,6,20,0.22949999999999765,145,0.0
115,3,-9,0.22279999999999764,91,0.0
116,0,-103,0.21609999999999763,12,0.0
117,0,-97,0.20939999999999762,8,0.0
118,7,23,0.2026999999999976,105,0.0
119,9,113,0.1959999999999976,179,0.0
120,6,8,0.18929999999999758,133,0.0
121,4,-6,0.18259999999999757,83,0.0
122,2,-45,0.17589999999999756,50,0.0
123,6,36,0.16919999999999755,125,0.0
124,8,73,0.16249999999999754,166,0.0
125,1,-63,0.15579999999999752,47,0.0
126,3,-47,0.1490999999999975,63,0.0
127,0,-96,0.1423999999999975,7,0.0
128,0,-110,0.1356999999999975,11,0.0
129,0,-105,0.12899999999999748,6,0.0
130,9,33,0.12229999999999748,85,0.0
131,9,106,0.11559999999999748,190,0.0
132,5,10,0.10889999999999748,100,0.0
133,9,60,0.10219999999999749,108,0.0
134,8,77,0.09549999999999749,142,0.0
135,3,-23,0.08879999999999749,67,0.0
136,0,-97,0.0820999999999975,14,0.0
137,10,81,0.0753999999999975,126,0.0
138,4,-33,0.0686999999999975,52,0.0
139,5,28,0.0619999999999975,100,0.0
140,0,-109,0.055299999999997504,10,0.0
141,21,380,0.048599999999997506,344,0.0
142,5,-23,0.04189999999999751,43,0.0
143,0,-104,0.03519999999999751,5,0.0
144,8,53,0.02849999999999751,108,0.0
145,7,52,0.02179999999999751,108,0.0
146,6,32,0.015099999999997508,93,0.0
147,17,292,0.008399999999997507,282,0.0
148,13,175,0.0016999999999975065,187,0.0
149,16,263,-0.005000000000002494,258,0.0
150,13,163,0.0,177,0.0
151,15,185,0.0,183,0.0
152,0,-105,0.0,6,0.0
153,15,232,0.0,232,0.0
154,21,303,0.0,265,0.0
155,0,-100,0.0,1,0.0
156,22,411,0.0,362,0.0
157,28,464,0.0,371,0.0
158,11,131,0.0,169,0.0
159,8,97,0.0,144,0.0
160,10,82,0.0,119,0.0
161,15,195,0.0,209,0.0
162,9,100,0.0,140,0.0
163,0,-105,0.0,6,0.0
164,15,226,0.0,224,0.0
165,16,241,0.0,250,0.0
166,3,-50,0.0,58,0.0
167,18,241,0.0,226,0.0
168,11,171,0.0,197,0.0
169,6,12,0.0,73,0.0
170,11,111,0.0,161,0.0
171,15,254,0.0,272,0.0
172,8,81,0.0,128,0.0
173,14,167,0.0,172,0.0
174,11,152,0.0,184,0.0
175,16,224,0.0,225,0.0
176,4,-20,0.0,57,0.0
177,17,268,0.0,268,0.0
178,25,402,0.0,360,0.0
179,31,608,0.0,536,0.0
180,20,294,0.0,271,0.0
181,8,76,0.0,123,0.0
182,10,97,0.0,146,0.0
183,17,260,0.0,248,0.0
184,23,385,0.0,369,0.0
185,4,-13,0.0,60,0.0
186,29,529,0.0,443,0.0
187,21,313,0.0,273,0.0
188,11,151,0.0,177,0.0
189,15,228,0.0,226,0.0
190,11,98,0.0,124,0.0
191,23,448,0.0,402,0.0
192,14,173,0.0,192,0.0
193,18,299,0.0,286,0.0
194,5,0,0.0,92,0.0
195,21,337,0.0,307,0.0
196,15,217,0.0,215,0.0
197,9,70,0.0,110,0.0
198,14,222,0.0,227,0.0
199,12,144,0.0,177,0.0
200,11,129,0.0,161,0.0
201,38,759,0.0,686,0.0
202,14,162,0.0,173,0.0
203,23,379,0.0,345,0.0
204,21,286,0.0,244,0.0
205,24,406,0.0,367,0.0
206,25,434,0.0,372,0.0
207,24,409,0.0,356,0.0
208,10,68,0.0,101,0.0
209,12,120,0.0,153,0.0
210,29,552,0.0,486,0.0
211,14,179,0.0,184,0.0
212,18,291,0.0,280,0.0
213,21,361,0.0,343,0.0
214,17,290,0.0,290,0.0
215,11,97,0.0,123,0.0
216,22,332,0.0,303,0.0
217,9,87,0.0,133,0.0
218,0,-109,0.0,10,0.0
219,15,244,0.0,248,0.0
220,27,439,0.0,369,0.0
221,24,359,0.0,336,0.0
222,20,353,0.0,332,0.0
223,8,115,0.0,162,0.0
224,31,634,0.0,574,0.0
225,33,545,0.0,427,0.0
226,28,476,0.0,421,0.0
227,17,236,0.0,260,0.0
228,43,829,0.0,693,0.0
229,31,609,0.0,523,0.0
230,39,734,0.0,644,0.0
231,28,457,0.0,420,0.0
232,29,491,0.0,413,0.0
233,35,617,0.0,521,0.0
234,10,109,0.0,142,0.0
235,15,216,0.0,234,0.0
236,28,521,0.0,470,0.0
237,12,152,0.0,177,0.0
238,30,539,0.0,500,0.0
239,26,467,0.0,430,0.0
240,28,568,0.0,497,0.0
241,34,593,0.0,540,0.0
242,32,605,0.0,500,0.0
243,27,453,0.0,417,0.0
244,10,110,0.0,159,0.0
245,27,439,0.0,399,0.0
246,37,631,0.0,521,0.0
247,39,797,0.0,717,0.0
248,12,182,0.0,205,0.0
249,0,-103,0.0,4,0.0
250,39,707,0.0,583,0.0
251,30,533,0.0,470,0.0
252,21,329,0.0,309,0.0
253,57,1091,0.0,907,0.0
254,24,415,0.0,414,0.0
255,28,500,0.0,441,0.0
256,19,290,0.0,290,0.0
257,25,374,0.0,320,0.0
258,34,596,0.0,485,0.0
259,25,416,0.0,404,0.0
260,23,358,0.0,314,0.0
261,47,924,0.0,754,0.0
262,44,820,0.0,669,0.0
263,44,849,0.0,738,0.0
264,23,357,0.0,307,0.0
265,31,589,0.0,537,0.0
266,30,583,0.0,552,0.0
267,22,359,0.0,342,0.0
268,25,443,0.0,385,0.0
269,28,532,0.0,481,0.0
270,26,485,0.0,412,0.0
271,26,444,0.0,383,0.0
272,28,448,0.0,423,0.0
273,19,317,0.0,313,0.0
274,29,485,0.0,409,0.0
275,29,443,0.0,357,0.0
276,17,233,0.0,235,0.0
277,8,71,0.0,122,0.0
278,15,221,0.0,247,0.0
279,38,662,0.0,591,0.0
280,9,47,0.0,87,0.0
281,8,63,0.0,132,0.0
282,14,195,0.0,204,0.0
283,23,450,0.0,426,0.0
284,19,299,0.0,283,0.0
285,28,512,0.0,491,0.0
286,17,271,0.0,291,0.0
287,22,336,0.0,323,0.0
288,20,299,0.0,284,0.0
289,21,342,0.0,326,0.0
290,23,375,0.0,385,0.0
291,36,672,0.0,647,0.0
292,47,919,0.0,865,0.0
293,22,381,0.0,378,0.0
294,13,148,0.0,174,0.0
295,27,499,0.0,477,0.0
296,13,186,0.0,230,0.0
297,16,217,0.0,224,0.0
298,27,496,0.0,450,0.0
299,11,145,0.0,189,0.0
300,0,-104,0.0,5,0.0
301,40,757,0.0,644,0.0
302,28,485,0.0,420,0.0
303,23,403,0.0,379,0.0
304,17,310,0.0,304,0.0
305,33,603,0.0,533,0.0
306,9,87,0.0,137,0.0
307,16,219,0.0,244,0.0
308,24,436,0.0,407,0.0
309,36,639,0.0,638,0.0
310,18,256,0.0,253,0.0
311,28,446,0.0,411,0.0
312,0,-107,0.0,8,0.0
313,21,423,0.0,389,0.0
314,34,670,0.0,569,0.0
315,17,256,0.0,276,0.0
316,32,492,0.0,463,0.0
317,15,220,0.0,240,0.0
318,32,598,0.0,527,0.0
319,8,63,0.0,116,0.0
320,41,815,0.0,649,0.0
321,29,547,0.0,509,0.0
322,37,691,0.0,641,0.0
323,42,842,0.0,881,0.0
324,20,323,0.0,312,0.0
325,16,254,0.0,245,0.0
326,44,771,0.0,652,0.0
327,18,287,0.0,286,0.0
328,43,827,0.0,735,0.0
329,46,857,0.0,742,0.0
330,26,460,0.0,409,0.0
331,25,379,0.0,325,0.0
332,12,106,0.0,125,0.0
333,24,394,0.0,377,0.0
334,18,284,0.0,267,0.0
335,18,292,0.0,271,0.0
336,32,581,0.0,506,0.0
337,19,279,0.0,267,0.0
338,15,212,0.0,240,0.0
339,33,612,0.0,526,0.0
340,35,596,0.0,522,0.0
341,23,355,0.0,317,0.0
342,8,86,0.0,147,0.0
343,9,63,0.0,107,0.0
344,19,299,0.0,317,0.0
345,16,222,0.0,231,0.0
346,45,807,0.0,665,0.0
347,34,575,0.0,538,0.0
348,34,628,0.0,527,0.0
349,41,771,0.0,711,0.0
350,24,402,0.0,359,0.0
351,40,746,0.0,719,0.0
352,52,1012,0.0,887,0.0
353,22,337,0.0,330,0.0
354,25,368,0.0,344,0.0
355,35,631,0.0,537,0.0
356,27,464,0.0,420,0.0
357,33,591,0.0,535,0.0
358,26,516,0.0,443,0.0
359,17,222,0.0,212,0.0
360,44,882,0.0,753,0.0
361,31,497,0.0,397,0.0
362,33,631,0.0,585,0.0
363,18,269,0.0,278,0.0
364,31,606,0.0,542,0.0
365,20,277,0.0,280,0.0
366,21,348,0.0,326,0.0
367,0,-111,0.0,12,0.0
368,24,407,0.0,372,0.0
369,38,646,0.0,517,0.0
370,24,409,0.0,350,0.0
371,32,604,0.0,521,0.0
372,34,663,0.0,586,0.0
373,25,411,0.0,393,0.0
374,12,153,0.0,178,0.0
375,33,582,0.0,464,0.0
376,29,491,0.0,441,0.0
377,29,514,0.0,456,0.0
378,29,543,0.0,475,0.0
379,29,483,0.0,443,0.0
380,31,535,0.0,463,0.0
381,23,342,0.0,314,0.0
382,30,484,0.0,425,0.0
383,22,335,0.0,298,0.0
384,35,614,0.0,560,0.0
385,34,643,0.0,614,0.0
386,26,494,0.0,441,0.0
387,40,769,0.0,656,0.0
388,22,316,0.0,275,0.0
389,32,628,0.0,549,0.0
390,33,599,0.0,555,0.0
391,27,499,0.0,513,0.0
392,34,646,0.0,595,0.0
393,12,111,0.0,134,0.0
394,29,484,0.0,448,0.0
395,26,438,0.0,421,0.0
396,12,154,0.0,177,0.0
397,26,455,0.0,382,0.0
398,27,467,0.0,397,0.0
399,24,409,0.0,362,0.0
400,36,626,0.0,573,0.0
401,11,125,0.0,151,0.0
402,0,-111,0.0,12,0.0
403,12,161,0.0,192,0.0
404,36,585,0.0,472,0.0
405,16,227,0.0,230,0.0
406,31,515,0.0,479,0.0
407,33,573,0.0,501,0.0
408,49,1020,0.0,1042,0.0
409,23,362,0.0,328,0.0
410,49,985,0.0,967,0.0
411,31,601,0.0,553,0.0
412,27,400,0.0,344,0.0
413,31,596,0.0,582,0.0
414,40,771,0.0,680,0.0
415,16,265,0.0,272,0.0
416,26,473,0.0,408,0.0
417,31,681,0.0,645,0.0
418,15,242,0.0,250,0.0
419,28,490,0.0,447,0.0
420,18,296,0.0,283,0.0
421,24,371,0.0,354,0.0
422,35,657,0.0,577,0.0
423,27,437,0.0,357,0.0
424,22,375,0.0,360,0.0
425,16,245,0.0,262,0.0
426,42,845,0.0,718,0.0
427,16,224,0.0,237,0.0
428,10,74,0.0,115,0.0
429,39,748,0.0,624,0.0
430,24,426,0.0,387,0.0
431,17,268,0.0,282,0.0
432,28,502,0.0,497,0.0
433,12,117,0.0,136,0.0
434,29,487,0.0,433,0.0
435,25,404,0.0,404,0.0
436,19,307,0.0,321,0.0
437,49,1028,0.0,1038,0.0
438,50,915,0.0,778,0.0
439,28,502,0.0,483,0.0
440,38,653,0.0,570,0.0
441,0,-103,0.0,4,0.0
442,13,152,0.0,174,0.0
443,13,174,0.0,188,0.0
444,39,718,0.0,610,0.0
445,34,630,0.0,527,0.0
446,40,712,0.0,671,0.0
447,27,450,0.0,380,0.0
448,24,379,0.0,358,0.0
449,34,653,0.0,580,0.0
450,16,218,0.0,217,0.0
451,32,507,0.0,452,0.0
452,0,-101,0.0,2,0.0
453,27,472,0.0,404,0.0
454,32,541,0.0,498,0.0
455,34,680,0.0,605,0.0
456,0,-110,0.0,11,0.0
457,36,712,0.0,705,0.0
458,28,543,0.0,500,0.0
459,0,-111,0.0,12,0.0
460,28,490,0.0,523,0.0
461,37,693,0.0,621,0.0
462,41,822,0.0,740,0.0
463,18,340,0.0,329,0.0
464,33,615,0.0,527,0.0
465,31,595,0.0,507,0.0
466,43,758,0.0,654,0.0
467,24,465,0.0,438,0.0
468,14,167,0.0,196,0.0
469,22,360,0.0,331,0.0
470,22,375,0.0,362,0.0
471,0,-107,0.0,8,0.0
472,30,564,0.0,519,0.0
473,7,52,0.0,114,0.0
474,18,281,0.0,274,0.0
475,23,399,0.0,351,0.0
476,24,363,0.0,404,0.0
477,34,625,0.0,558,0.0
478,24,413,0.0,392,0.0
479,32,531,0.0,454,0.0
480,22,358,0.0,319,0.0
481,18,263,0.0,280,0.0
482,23,387,0.0,371,0.0
483,23,348,0.0,320,0.0
484,31,546,0.0,514,0.0
485,25,425,0.0,385,0.0
486,24,414,0.0,383,0.0
487,49,866,0.0,698,0.0
488,21,298,0.0,294,0.0
489,39,733,0.0,647,0.0
490,15,226,0.0,238,0.0
491,18,237,0.0,246,0.0
492,25,448,0.0,444,0.0
493,34,616,0.0,517,0.0
494,19,241,0.0,245,0.0
495,32,625,0.0,546,0.0
496,31,484,0.0,426,0.0
497,38,758,0.0,653,0.0
498,30,573,0.0,516,0.0
499,27,408,0.0,362,0.0
500,24,461,0.0,436,0.0
501,32,603,0.0,566,0.0
502,23,314,0.0,282,0.0
503,26,438,0.0,371,0.0
504,26,393,0.0,378,0.0
505,13,135,0.0,161,0.0
506,42,775,0.0,684,0.0
507,23,415,0.0,397,0.0
508,24,411,0.0,356,0.0
509,37,662,0.0,588,0.0
510,31,446,0.0,406,0.0
511,33,628,0.0,540,0.0
512,29,585,0.0,549,0.0
513,25,490,0.0,456,0.0
514,30,488,0.0,409,0.0
515,13,178,0.0,228,0.0
516,0,-102,0.0,3,0.0
517,30,552,0.0,495,0.0
518,27,503,0.0,443,0.0
519,24,488,0.0,473,0.0
520,26,524,0.0,507,0.0
521,29,494,0.0,428,0.0
522,16,230,0.0,237,0.0
523,30,457,0.0,398,0.0
524,23,388,0.0,354,0.0
525,0,-103,0.0,4,0.0
526,41,739,0.0,639,0.0
527,28,450,0.0,407,0.0
528,26,446,0.0,387,0.0
529,26,450,0.0,453,0.0
530,20,277,0.0,254,0.0
531,25,412,0.0,360,0.0
532,18,297,0.0,294,0.0
533,31,546,0.0,524,0.0
534,25,449,0.0,389,0.0
535,14,179,0.0,192,0.0
536,0,-101,0.0,2,0.0
537,19,255,0.0,253,0.0
538,25,490,0.0,446,0.0
539,24,386,0.0,357,0.0
540,41,744,0.0,632,0.0
541,8,67,0.0,118,0.0
542,40,684,0.0,615,0.0
543,34,559,0.0,478,0.0
544,28,513,0.0,432,0.0
545,27,491,0.0,449,0.0
546,39,864,0.0,856,0.0
547,14,190,0.0,209,0.0
548,32,626,0.0,513,0.0
549,31,538,0.0,450,0.0
550,28,485,0.0,424,0.0
551,22,301,0.0,286,0.0
552,25,415,0.0,363,0.0
553,30,517,0.0,464,0.0
554,18,261,0.0,272,0.0
555,35,612,0.0,642,0.0
556,11,125,0.0,185,0.0
557,34,625,0.0,596,0.0
558,29,474,0.0,410,0.0
559,17,173,0.0,169,0.0
560,26,461,0.0,438,0.0
561,31,537,0.0,495,0.0
562,31,531,0.0,491,0.0
563,26,394,0.0,337,0.0
564,36,736,0.0,665,0.0
565,20,285,0.0,296,0.0
566,31,553,0.0,483,0.0
567,21,326,0.0,302,0.0
568,23,409,0.0,381,0.0
569,35,614,0.0,576,0.0
570,24,444,0.0,399,0.0
571,11,143,0.0,171,0.0
572,20,311,0.0,308,0.0
573,15,207,0.0,221,0.0
574,19,285,0.0,269,0.0
575,48,894,0.0,839,0.0
576,29,535,0.0,453,0.0
577,33,555,0.0,547,0.0
578,30,528,0.0,467,0.0
579,30,546,0.0,465,0.0
580,40,713,0.0,630,0.0
581,28,508,0.0,477,0.0
582,22,367,0.0,356,0.0
583,26,432,0.0,379,0.0
584,32,576,0.0,519,0.0
585,56,1158,0.0,971,0.0
586,32,540,0.0,457,0.0
587,31,583,0.0,575,0.0
588,30,579,0.0,534,0.0
589,36,701,0.0,690,0.0
590,25,441,0.0,385,0.0
591,28,482,0.0,419,0.0
592,30,520,0.0,431,0.0
593,41,726,0.0,626,0.0
594,32,597,0.0,522,0.0
595,29,535,0.0,473,0.0
596,38,698,0.0,629,0.0
597,21,288,0.0,268,0.0
598,23,346,0.0,320,0.0
599,26,439,0.0,416,0.0
600,21,371,0.0,337,0.0
601,16,190,0.0,191,0.0
602,7,68,0.0,128,0.0
603,20,317,0.0,294,0.0
604,27,542,0.0,472,0.0
605,38,786,0.0,797,0.0
606,25,390,0.0,326,0.0
607,28,538,0.0,485,0.0
608,24,377,0.0,358,0.0
609,38,770,0.0,673,0.0
610,38,701,0.0,610,0.0
611,26,385,0.0,338,0.0
612,35,632,0.0,528,0.0
613,43,786,0.0,726,0.0
614,41,762,0.0,776,0.0
615,41,653,0.0,605,0.0
616,12,135,0.0,178,0.0
617,25,468,0.0,412,0.0
618,19,315,0.0,301,0.0
619,24,457,0.0,448,0.0
620,18,256,0.0,243,0.0
621,29,493,0.0,425,0.0
622,39,755,0.0,657,0.0
623,25,426,0.0,404,0.0
624,35,699,0.0,585,0.0
625,38,637,0.0,546,0.0
626,0,-100,0.0,1,0.0
627,35,598,0.0,488,0.0
628,22,371,0.0,326,0.0
629,35,627,0.0,529,0.0
630,31,530,0.0,480,0.0
631,30,526,0.0,475,0.0
632,13,147,0.0,161,0.0
633,0,-102,0.0,3,0.0
634,32,605,0.0,592,0.0
635,23,398,0.0,384,0.0
636,10,107,0.0,148,0.0
637,31,573,0.0,509,0.0
638,29,532,0.0,448,0.0
639,21,372,0.0,346,0.0
640,26,425,0.0,390,0.0
641,34,708,0.0,635,0.0
642,21,362,0.0,344,0.0
643,31,548,0.0,478,0.0
644,24,453,0.0,432,0.0
645,13,145,0.0,165,0.0
646,10,52,0.0,91,0.0
647,28,479,0.0,432,0.0
648,23,330,0.0,284,0.0
649,10,121,0.0,170,0.0
650,16,240,0.0,243,0.0
651,35,636,0.0,524,0.0
652,20,395,0.0,366,0.0
653,41,761,0.0,677,0.0
654,18,282,0.0,289,0.0
655,27,454,0.0,428,0.0
656,17,243,0.0,255,0.0
657,29,456,0.0,386,0.0
658,0,-114,0.0,15,0.0
659,13,178,0.0,202,0.0
660,15,211,0.0,231,0.0
661,0,-104,0.0,5,0.0
662,20,318,0.0,303,0.0
663,22,381,0.0,392,0.0
664,21,375,0.0,385,0.0
665,34,700,0.0,681,0.0
666,30,522,0.0,463,0.0
667,38,660,0.0,625,0.0
668,37,755,0.0,675,0.0
669,26,500,0.0,469,0.0
670,37,694,0.0,600,0.0
671,26,431,0.0,402,0.0
672,39,747,0.0,659,0.0
673,54,1049,0.0,1024,0.0
674,31,558,0.0,496,0.0
675,26,460,0.0,399,0.0
676,46,830,0.0,773,0.0
677,33,567,0.0,489,0.0
678,28,471,0.0,408,0.0
679,35,601,0.0,507,0.0
680,0,-102,0.0,3,0.0
681,39,763,0.0,677,0.0
682,27,475,0.0,411,0.0
683,42,774,0.0,647,0.0
684,41,815,0.0,679,0.0
685,24,434,0.0,395,0.0
686,0,-109,0.0,10,0.0
687,28,525,0.0,460,0.0
688,16,200,0.0,195,0.0
689,16,226,0.0,227,0.0
690,13,137,0.0,157,0.0
691,43,723,0.0,629,0.0
692,29,505,0.0,461,0.0
693,17,217,0.0,219,0.0
694,31,576,0.0,532,0.0
695,44,852,0.0,681,0.0
696,34,641,0.0,566,0.0
697,36,656,0.0,595,0.0
698,31,518,0.0,434,0.0
699,19,335,0.0,357,0.0
700,0,-102,0.0,3,0.0
701,32,568,0.0,471,0.0
702,39,723,0.0,713,0.0
703,24,384,0.0,377,0.0
704,23,407,0.0,387,0.0
705,23,396,0.0,356,0.0
706,17,249,0.0,259,0.0
707,12,173,0.0,196,0.0
708,22,314,0.0,321,0.0
709,31,548,0.0,520,0.0
710,29,503,0.0,411,0.0
711,13,187,0.0,209,0.0
712,47,859,0.0,725,0.0
713,25,426,0.0,410,0.0
714,17,230,0.0,256,0.0
715,25,419,0.0,389,0.0
716,17,223,0.0,233,0.0
717,9,88,0.0,128,0.0
718,0,-101,0.0,2,0.0
719,25,425,0.0,369,0.0
720,20,318,0.0,285,0.0
721,25,349,0.0,307,0.0
722,13,216,0.0,248,0.0
723,17,277,0.0,313,0.0
724,27,444,0.0,408,0.0
725,21,361,0.0,327,0.0
726,25,412,0.0,372,0.0
727,35,652,0.0,522,0.0
728,32,619,0.0,592,0.0
729,36,578,0.0,555,0.0
730,53,1123,0.0,1005,0.0
731,46,800,0.0,719,0.0
732,36,625,0.0,568,0.0
733,37,644,0.0,538,0.0
734,33,633,0.0,569,0.0
735,37,587,0.0,547,0.0
736,22,323,0.0,314,0.0
737,37,654,0.0,526,0.0
738,20,357,0.0,368,0.0
739,27,545,0.0,495,0.0
740,26,496,0.0,463,0.0
741,28,554,0.0,529,0.0
742,28,459,0.0,426,0.0
743,16,209,0.0,210,0.0
744,20,276,0.0,293,0.0
745,30,592,0.0,529,0.0
746,27,427,0.0,395,0.0
747,28,496,0.0,441,0.0
748,40,756,0.0,619,0.0
749,20,317,0.0,318,0.0
750,29,524,0.0,474,0.0
751,21,281,0.0,259,0.0
752,33,639,0.0,619,0.0
753,29,531,0.0,515,0.0
754,34,558,0.0,477,0.0
755,9,128,0.0,176,0.0
756,38,724,0.0,621,0.0
757,23,367,0.0,321,0.0
758,21,286,0.0,254,0.0
759,37,718,0.0,674,0.0
760,32,577,0.0,536,0.0
761,21,344,0.0,306,0.0
762,45,849,0.0,765,0.0
763,26,381,0.0,316,0.0
764,31,563,0.0,527,0.0
765,34,679,0.0,628,0.0
766,24,358,0.0,349,0.0
767,22,421,0.0,376,0.0
768,25,435,0.0,379,0.0
769,7,51,0.0,113,0.0
770,13,187,0.0,223,0.0
771,20,304,0.0,295,0.0
772,30,555,0.0,510,0.0
773,12,119,0.0,138,0.0
774,30,564,0.0,493,0.0
775,18,333,0.0,346,0.0
776,17,258,0.0,272,0.0
777,40,779,0.0,692,0.0
778,31,630,0.0,602,0.0
779,44,865,0.0,746,0.0
780,35,624,0.0,512,0.0
781,24,381,0.0,348,0.0
782,32,562,0.0,467,0.0
783,18,257,0.0,266,0.0
784,21,330,0.0,352,0.0
785,29,471,0.0,395,0.0
786,27,464,0.0,444,0.0
787,8,74,0.0,121,0.0
788,27,437,0.0,363,0.0
789,27,453,0.0,459,0.0
790,29,568,0.0,496,0.0
791,29,520,0.0,426,0.0
792,19,246,0.0,310,0.0
793,27,457,0.0,385,0.0
794,38,740,0.0,657,0.0
795,27,463,0.0,413,0.0
796,38,654,0.0,551,0.0
797,22,358,0.0,339,0.0
798,39,656,0.0,542,0.0
799,26,481,0.0,438,0.0
800,30,519,0.0,510,0.0
801,11,100,0.0,134,0.0
802,24,446,0.0,431,0.0
803,26,428,0.0,393,0.0
804,17,207,0.0,243,0.0
805,40,784,0.0,725,0.0
806,22,311,0.0,282,0.0
807,0,-108,0.0,9,0.0
808,25,374,0.0,348,0.0
809,24,374,0.0,401,0.0
810,29,542,0.0,484,0.0
811,26,419,0.0,386,0.0
812,30,571,0.0,498,0.0
813,33,613,0.0,501,0.0
814,22,350,0.0,303,0.0
815,13,151,0.0,181,0.0
816,24,413,0.0,434,0.0
817,22,336,0.0,307,0.0
818,23,407,0.0,355,0.0
819,23,455,0.0,435,0.0
820,5,11,0.0,83,0.0
821,28,476,0.0,407,0.0
822,29,551,0.0,533,0.0
823,23,414,0.0,376,0.0
824,16,259,0.0,260,0.0
825,12,126,0.0,157,0.0
826,23,343,0.0,299,0.0
827,28,444,0.0,369,0.0
828,7,59,0.0,119,0.0
829,34,673,0.0,560,0.0
830,40,746,0.0,635,0.0
831,27,452,0.0,404,0.0
832,36,632,0.0,563,0.0
833,32,632,0.0,655,0.0
834,23,394,0.0,428,0.0
835,19,303,0.0,281,0.0
836,44,902,0.0,855,0.0
837,32,534,0.0,483,0.0
838,12,162,0.0,207,0.0
839,29,487,0.0,459,0.0
840,28,429,0.0,376,0.0
841,19,282,0.0,284,0.0
842,51,874,0.0,754,0.0
843,32,539,0.0,464,0.0
844,17,261,0.0,263,0.0
845,27,512,0.0,474,0.0
846,32,587,0.0,502,0.0
847,30,533,0.0,464,0.0
848,21,344,0.0,322,0.0
849,29,497,0.0,459,0.0
850,32,608,0.0,543,0.0
851,12,137,0.0,172,0.0
852,27,425,0.0,387,0.0
853,27,503,0.0,477,0.0
854,20,375,0.0,356,0.0
855,9,71,0.0,125,0.0
856,21,303,0.0,313,0.0
857,18,276,0.0,259,0.0
858,20,297,0.0,288,0.0
859,28,497,0.0,458,0.0
860,12,142,0.0,165,0.0
861,33,607,0.0,519,0.0
862,37,659,0.0,593,0.0
863,20,315,0.0,324,0.0
864,20,342,0.0,329,0.0
865,30,518,0.0,477,0.0
866,25,421,0.0,349,0.0
867,43,809,0.0,683,0.0
868,18,268,0.0,247,0.0
869,27,422,0.0,396,0.0
870,18,254,0.0,267,0.0
871,0,-101,0.0,2,0.0
872,10,92,0.0,141,0.0
873,23,376,0.0,334,0.0
874,9,125,0.0,175,0.0
875,24,389,0.0,330,0.0
876,30,526,0.0,505,0.0
877,36,772,0.0,687,0.0
878,26,453,0.0,390,0.0
879,16,210,0.0,213,0.0
880,32,601,0.0,528,0.0
881,26,413,0.0,392,0.0
882,25,376,0.0,386,0.0
883,41,801,0.0,743,0.0
884,26,462,0.0,409,0.0
885,36,614,0.0,531,0.0
886,29,501,0.0,481,0.0
887,28,506,0.0,437,0.0
888,36,665,0.0,586,0.0
889,28,443,0.0,398,0.0
890,34,651,0.0,582,0.0
891,28,474,0.0,445,0.0
892,35,658,0.0,544,0.0
893,29,592,0.0,534,0.0
894,30,511,0.0,446,0.0
895,33,605,0.0,523,0.0
896,36,636,0.0,489,0.0
897,29,453,0.0,389,0.0
898,19,308,0.0,324,0.0
899,34,592,0.0,483,0.0
900,20,376,0.0,375,0.0
901,23,413,0.0,373,0.0
902,33,564,0.0,512,0.0
903,42,763,0.0,682,0.0
904,31,534,0.0,532,0.0
905,26,469,0.0,424,0.0
906,42,833,0.0,724,0.0
907,19,258,0.0,246,0.0
908,22,350,0.0,311,0.0
909,46,976,0.0,935,0.0
910,23,315,0.0,289,0.0
911,26,531,0.0,506,0.0
912,31,532,0.0,478,0.0
913,19,258,0.0,262,0.0
914,34,598,0.0,519,0.0
915,42,820,0.0,711,0.0
916,41,756,0.0,750,0.0
917,19,275,0.0,283,0.0
918,9,99,0.0,139,0.0
919,31,395,0.0,339,0.0
920,45,807,0.0,741,0.0
921,32,648,0.0,559,0.0
922,34,613,0.0,538,0.0
923,37,756,0.0,646,0.0
924,39,701,0.0,623,0.0
925,22,377,0.0,336,0.0
926,33,579,0.0,505,0.0
927,22,358,0.0,341,0.0
928,25,386,0.0,362,0.0
929,25,438,0.0,442,0.0
930,25,423,0.0,387,0.0
931,27,461,0.0,437,0.0
932,23,411,0.0,389,0.0
933,39,659,0.0,623,0.0
934,42,842,0.0,747,0.0
935,35,708,0.0,670,0.0
936,17,204,0.0,230,0.0
937,24,405,0.0,374,0.0
938,34,575,0.0,582,0.0
939,24,377,0.0,332,0.0
940,28,462,0.0,411,0.0
941,35,589,0.0,559,0.0
942,36,624,0.0,535,0.0
943,35,596,0.0,510,0.0
944,33,605,0.0,503,0.0
945,34,600,0.0,529,0.0
946,46,936,0.0,787,0.0
947,52,1054,0.0,1073,0.0
948,32,560,0.0,477,0.0
949,21,316,0.0,324,0.0
950,19,259,0.0,253,0.0
951,32,526,0.0,481,0.0
952,38,732,0.0,697,0.0
953,30,544,0.0,447,0.0
954,21,374,0.0,346,0.0
955,20,403,0.0,392,0.0
956,26,480,0.0,423,0.0
957,15,202,0.0,200,0.0
958,31,546,0.0,460,0.0
959,18,263,0.0,282,0.0
960,22,428,0.0,407,0.0
961,42,759,0.0,608,0.0
962,34,597,0.0,470,0.0
963,28,491,0.0,464,0.0
964,39,704,0.0,560,0.0
965,34,713,0.0,618,0.0
966,19,318,0.0,304,0.0
967,32,542,0.0,511,0.0
968,22,320,0.0,297,0.0
969,30,522,0.0,453,0.0
970,21,321,0.0,317,0.0
971,16,235,0.0,232,0.0
972,23,382,0.0,350,0.0
973,32,540,0.0,515,0.0
974,23,398,0.0,380,0.0
975,52,995,0.0,928,0.0
976,27,469,0.0,423,0.0
977,24,427,0.0,362,0.0
978,32,629,0.0,538,0.0
979,26,393,0.0,350,0.0
980,13,196,0.0,210,0.0
981,39,691,0.0,635,0.0
982,39,728,0.0,594,0.0
983,21,329,0.0,315,0.0
984,16,245,0.0,246,0.0
985,23,391,0.0,375,0.0
986,19,340,0.0,310,0.0
987,31,604,0.0,562,0.0
988,28,478,0.0,435,0.0
989,0,-103,0.0,4,0.0
990,16,274,0.0,305,0.0
991,35,632,0.0,604,0.0
992,30,514,0.0,483,0.0
993,27,550,0.0,502,0.0
994,14,156,0.0,177,0.0
995,28,547,0.0,468,0.0
996,29,539,0.0,459,0.0
997,30,530,0.0,501,0.0
998,23,415,0.0,371,0.0
999,21,326,0.0,292,0.0