,game,score,mean_reward,eps,time
0,0,0,-103,0.9980000000000002,20
1,1,0,-97,0.9944000000000006,36
2,2,0,-107,0.9920000000000009,24
3,3,0,-114,0.9707000000000032,213
4,4,0,-100,0.9692000000000034,15
5,5,0,-110,0.9677000000000036,15
6,6,0,-110,0.964000000000004,37
7,7,0,-107,0.9630000000000041,10
8,8,0,-125,0.9510000000000054,120
9,9,0,-98,0.9501000000000055,9
10,10,0,-103,0.9441000000000062,60
11,11,0,-88,0.9372000000000069,69
12,12,0,-101,0.9324000000000074,48
13,13,0,-102,0.9215000000000086,109
14,14,0,-106,0.918200000000009,33
15,15,1,6,0.9170000000000091,12
16,16,0,-100,0.9169000000000092,1
17,17,0,-108,0.9160000000000093,9
18,18,0,-98,0.9045000000000105,115
19,19,0,-99,0.9029000000000107,16
20,20,0,-100,0.9028000000000107,1
21,21,0,-104,0.900100000000011,27
22,22,1,19,0.8882000000000123,119
23,23,0,-116,0.8837000000000128,45
24,24,0,-110,0.881600000000013,21
25,25,0,-95,0.8806000000000132,10
26,26,0,-100,0.8805000000000132,1
27,27,0,-105,0.8797000000000132,8
28,28,1,10,0.8701000000000143,96
29,29,0,-102,0.8692000000000144,9
30,30,0,-100,0.8683000000000145,9
31,31,0,-101,0.8679000000000145,4
32,32,0,-95,0.8661000000000147,18
33,33,0,-102,0.8614000000000153,47
34,34,0,-99,0.8590000000000155,24
35,35,1,-5,0.8553000000000159,37
36,36,0,-105,0.8511000000000164,42
37,37,0,-101,0.8479000000000168,32
38,38,0,-101,0.845900000000017,20
39,39,0,-101,0.8433000000000173,26
40,40,0,-104,0.8428000000000173,5
41,41,0,-97,0.8392000000000177,36
42,42,1,11,0.8325000000000184,67
43,43,0,-98,0.827800000000019,47
44,44,0,-101,0.8264000000000191,14
45,45,0,-109,0.8168000000000202,96
46,46,0,-102,0.8165000000000202,3
47,47,0,-101,0.8153000000000203,12
48,48,1,-3,0.8034000000000217,119
49,49,0,-106,0.8021000000000218,13
50,50,0,-100,0.8020000000000218,1
51,51,1,-3,0.8011000000000219,9
52,52,0,-103,0.7995000000000221,16
53,53,1,3,0.7902000000000231,93
54,54,0,-102,0.7899000000000231,3
55,55,0,-88,0.7810000000000241,89
56,56,0,-101,0.7808000000000241,2
57,57,0,-110,0.7797000000000243,11
58,58,0,-91,0.7767000000000246,30
59,59,2,101,0.7723000000000251,44
60,60,0,-110,0.7702000000000253,21
61,61,0,-106,0.764100000000026,61
62,62,0,-108,0.7624000000000262,17
63,63,1,4,0.7514000000000274,110
64,64,0,-113,0.7464000000000279,50
65,65,0,-113,0.7412000000000285,52
66,66,0,-107,0.7350000000000292,62
67,67,1,7,0.7285000000000299,65
68,68,0,-118,0.7222000000000306,63
69,69,0,-104,0.7217000000000307,5
70,70,1,3,0.7194000000000309,23
71,71,0,-103,0.718800000000031,6
72,72,0,-102,0.7125000000000317,63
73,73,0,-103,0.7101000000000319,24
74,74,0,-97,0.709500000000032,6
75,75,1,10,0.7053000000000325,42
76,76,0,-96,0.7012000000000329,41
77,77,1,1,0.6993000000000331,19
78,78,0,-102,0.6990000000000332,3
79,79,3,218,0.6748000000000358,242
80,80,0,-97,0.673600000000036,12
81,81,0,-100,0.6695000000000364,41
82,82,0,-108,0.6646000000000369,49
83,83,0,-105,0.6576000000000377,70
84,84,0,-106,0.655300000000038,23
85,85,2,115,0.6435000000000393,118
86,86,1,17,0.6328000000000404,107
87,87,0,-97,0.6264000000000411,64
88,88,0,-104,0.6257000000000412,7
89,89,0,-97,0.6247000000000413,10
90,90,0,-103,0.6243000000000414,4
91,91,0,-92,0.6220000000000416,23
92,92,0,-100,0.6217000000000417,3
93,93,0,-105,0.6205000000000418,12
94,94,4,323,0.6105000000000429,100
95,95,0,-105,0.609300000000043,12
96,96,0,-103,0.6089000000000431,4
97,97,0,-110,0.6078000000000432,11
98,98,0,-110,0.6015000000000439,63
99,99,0,-106,0.5998000000000441,17
100,100,0,-80,0.5927000000000449,71
101,101,1,15,0.5880000000000454,47
102,102,0,-104,0.5875000000000454,5
103,103,4,337,0.5751000000000468,124
104,104,0,-92,0.573000000000047,21
105,105,4,324,0.5633000000000481,97
106,106,0,-107,0.5615000000000483,18
107,107,0,-105,0.5599000000000485,16
108,108,0,-98,0.5534000000000492,65
109,109,0,-106,0.5523000000000493,11
110,110,0,-102,0.5506000000000495,17
111,111,1,0,0.5496000000000496,10
112,112,0,-110,0.54650000000005,31
113,113,1,-5,0.5454000000000501,11
114,114,0,-100,0.5451000000000501,3
115,115,0,-103,0.5391000000000508,60
116,116,6,571,0.5151000000000534,240
117,117,0,-92,0.5136000000000536,15
118,118,0,-85,0.5056000000000545,80
119,119,0,-86,0.4979000000000553,77
120,120,4,338,0.48840000000005634,95
121,121,0,-99,0.4854000000000567,30
122,122,4,338,0.47650000000005766,89
123,123,0,-112,0.4742000000000579,23
124,124,0,-99,0.47380000000005795,4
125,125,4,366,0.4581000000000597,157
126,126,1,5,0.45460000000006007,35
127,127,3,238,0.4388000000000618,158
128,128,2,136,0.42550000000006327,133
129,129,0,-107,0.42470000000006336,8
130,130,0,-103,0.4235000000000635,12
131,131,0,-103,0.42310000000006354,4
132,132,0,-92,0.4160000000000643,71
133,133,1,12,0.41300000000006465,30
134,134,6,565,0.39500000000006663,180
135,135,4,311,0.391400000000067,36
136,136,1,13,0.38950000000006724,19
137,137,2,105,0.38670000000006755,28
138,138,4,340,0.3780000000000685,87
139,139,3,230,0.37120000000006925,68
140,140,0,-91,0.3692000000000695,20
141,141,0,-95,0.3662000000000698,30
142,142,0,-104,0.3655000000000699,7
143,143,0,-102,0.36200000000007027,35
144,144,0,-96,0.35950000000007054,25
145,145,4,365,0.3445000000000722,150
146,146,4,359,0.33230000000007354,122
147,147,0,-101,0.3319000000000736,4
148,148,0,-91,0.3289000000000739,30
149,149,7,689,0.31420000000007553,147
150,150,0,-89,0.3110000000000759,32
151,151,5,447,0.300900000000077,101
152,152,0,-91,0.29930000000007717,16
153,153,2,124,0.29500000000007764,43
154,154,5,466,0.28240000000007903,126
155,155,0,-100,0.28230000000007904,1
156,156,4,331,0.27590000000007975,64
157,157,8,774,0.2616000000000813,143
158,158,7,663,0.2507000000000825,109
159,159,4,324,0.24480000000008317,59
160,160,4,337,0.23880000000008383,60
161,161,4,342,0.23130000000008466,75
162,162,5,464,0.22170000000008572,96
163,163,2,144,0.2156000000000864,61
164,164,0,-97,0.21340000000008663,22
165,165,10,997,0.19840000000008828,150
166,166,6,556,0.18870000000008935,97
167,167,5,444,0.1819000000000901,68
168,168,0,-100,0.1818000000000901,1
169,169,3,238,0.1756000000000908,62
170,170,5,437,0.1683000000000916,73
171,171,1,0,0.1675000000000917,8
172,172,4,344,0.15980000000009253,77
173,173,6,536,0.1529000000000933,69
174,174,0,-99,0.15050000000009356,24
175,175,0,-97,0.14990000000009363,6
176,176,0,-96,0.1484000000000938,15
177,177,4,339,0.14160000000009454,68
178,178,7,703,0.12790000000009605,137
179,179,6,565,0.11830000000009618,96
180,180,6,559,0.10830000000009589,100
181,181,2,118,0.10560000000009581,27
182,182,8,806,0.0877000000000953,179
183,183,0,-111,0.08550000000009524,22
184,184,4,352,0.07880000000009504,67
185,185,12,1238,0.05910000000009448,197
186,186,4,356,0.051600000000094265,75
187,187,5,472,0.042400000000094,92
188,188,12,1190,0.0287000000000937,137
189,189,10,1018,0.013200000000093793,155
190,190,11,1122,0.0,164
191,191,7,645,0.0,77
192,192,7,656,0.0,80
193,193,11,1105,0.0,147
194,194,12,1197,0.0,142
195,195,5,446,0.0,116
196,196,7,677,0.0,101
197,197,6,562,0.0,83
198,198,7,681,0.0,109
199,199,9,929,0.0,169
200,200,15,1583,0.0,251
201,201,8,806,0.0,155
202,202,6,536,0.0,61
203,203,13,1383,0.0,243
204,204,0,-104,0.0,5
205,205,10,1034,0.0,175
206,206,18,1893,0.0,260
207,207,16,1677,0.0,246
208,208,13,1340,0.0,234
209,209,13,1321,0.0,177
210,210,15,1498,0.0,160
211,211,0,-94,0.0,9
212,212,17,1836,0.0,298
213,213,9,861,0.0,93
214,214,14,1444,0.0,199
215,215,12,1254,0.0,197
216,216,6,552,0.0,95
217,217,17,1747,0.0,215
218,218,12,1274,0.0,241
219,219,18,1890,0.0,287
220,220,24,2614,0.0,409
221,221,15,1587,0.0,241
222,222,27,2927,0.0,477
223,223,19,1975,0.0,247
224,224,13,1370,0.0,212
225,225,32,3492,0.0,563
226,226,20,2065,0.0,262
227,227,12,1215,0.0,154
228,228,35,3895,0.0,725
229,229,29,3080,0.0,448
230,230,39,4255,0.0,649
231,231,23,2471,0.0,369
232,232,13,1349,0.0,203
233,233,22,2313,0.0,308
234,234,24,2530,0.0,323
235,235,28,3099,0.0,554
236,236,43,4654,0.0,762
237,237,23,2445,0.0,357
238,238,17,1876,0.0,342
239,239,32,3407,0.0,490
240,240,34,3742,0.0,565
241,241,0,-90,0.0,13
242,242,10,991,0.0,130
243,243,28,3048,0.0,439
244,244,30,3234,0.0,447
245,245,39,4254,0.0,710
246,246,17,1784,0.0,258
247,247,29,3098,0.0,432
248,248,18,1898,0.0,297
249,249,0,-104,0.0,7
250,250,11,1118,0.0,166
251,251,20,2168,0.0,357
252,252,17,1818,0.0,276
253,253,26,2820,0.0,435
254,254,28,2992,0.0,461
255,255,14,1441,0.0,188
256,256,36,3944,0.0,615
257,257,32,3461,0.0,548
258,258,0,-101,0.0,4
259,259,31,3375,0.0,521
260,260,26,2780,0.0,419
261,261,31,3338,0.0,524
262,262,43,4787,0.0,851
263,263,14,1444,0.0,203
264,264,36,3912,0.0,703
265,265,22,2292,0.0,309
266,266,23,2489,0.0,395
267,267,23,2425,0.0,333
268,268,31,3353,0.0,511
269,269,39,4225,0.0,681
270,270,30,3236,0.0,453
271,271,16,1675,0.0,244
272,272,29,3097,0.0,459
273,273,31,3298,0.0,424
274,274,19,1998,0.0,274
275,275,38,4180,0.0,665
276,276,23,2509,0.0,463
277,277,25,2718,0.0,418
278,278,39,4180,0.0,680
279,279,18,1925,0.0,312
280,280,38,4105,0.0,702
281,281,14,1447,0.0,206
282,282,24,2540,0.0,351
283,283,0,-103,0.0,4
284,284,41,4462,0.0,734
285,285,32,3533,0.0,574
286,286,22,2333,0.0,344
287,287,15,1536,0.0,196
288,288,34,3669,0.0,542
289,289,25,2744,0.0,438
290,290,35,3782,0.0,590
291,291,40,4294,0.0,665
292,292,32,3494,0.0,605
293,293,26,2834,0.0,455
294,294,30,3187,0.0,416
295,295,38,4170,0.0,791
296,296,13,1334,0.0,200
297,297,38,4094,0.0,645
298,298,13,1348,0.0,198
299,299,40,4309,0.0,748
300,300,12,1206,0.0,151
301,301,27,2853,0.0,375
302,302,30,3264,0.0,525
303,303,18,1881,0.0,324
304,304,28,2992,0.0,453
305,305,34,3651,0.0,504
306,306,25,2726,0.0,436
307,307,29,3110,0.0,494
308,308,40,4348,0.0,677
309,309,21,2265,0.0,337
310,310,21,2250,0.0,350
311,311,38,4046,0.0,623
312,312,42,4526,0.0,677
313,313,29,3140,0.0,498
314,314,37,4004,0.0,596
315,315,22,2405,0.0,386
316,316,30,3217,0.0,514
317,317,0,-101,0.0,6
318,318,39,4234,0.0,606
319,319,30,3218,0.0,463
320,320,32,3363,0.0,416
321,321,32,3413,0.0,508
322,322,50,5440,0.0,1059
323,323,30,3202,0.0,463
324,324,45,4910,0.0,724
325,325,25,2664,0.0,360
326,326,39,4218,0.0,634
327,327,31,3390,0.0,560
328,328,34,3658,0.0,563
329,329,0,-92,0.0,11
330,330,39,4331,0.0,775
331,331,18,1866,0.0,255
332,332,22,2350,0.0,349
333,333,52,5684,0.0,907
334,334,25,2657,0.0,375
335,335,19,1977,0.0,259
336,336,0,-108,0.0,9
337,337,36,3953,0.0,738
338,338,28,3000,0.0,431
339,339,28,3025,0.0,464
340,340,35,3723,0.0,489
341,341,42,4536,0.0,739
342,342,35,3851,0.0,641
343,343,33,3552,0.0,526
344,344,31,3374,0.0,540
345,345,37,4064,0.0,646
346,346,39,4269,0.0,645
347,347,0,-105,0.0,20
348,348,37,4041,0.0,615
349,349,30,3233,0.0,522
350,350,56,6143,0.0,956
351,351,52,5596,0.0,1011
352,352,22,2358,0.0,375
353,353,27,2906,0.0,428
354,354,43,4725,0.0,787
355,355,28,3036,0.0,519
356,356,33,3527,0.0,573
357,357,18,1928,0.0,307
358,358,26,2794,0.0,409
359,359,25,2652,0.0,376
360,360,49,5385,0.0,993
361,361,40,4284,0.0,595
362,362,18,1854,0.0,267
363,363,32,3446,0.0,575
364,364,25,2683,0.0,437
365,365,28,2957,0.0,426
366,366,34,3640,0.0,551
367,367,0,-97,0.0,6
368,368,33,3573,0.0,619
369,369,38,4154,0.0,695
370,370,21,2271,0.0,359
371,371,44,4713,0.0,680
372,372,22,2313,0.0,306
373,373,43,4631,0.0,691
374,374,24,2555,0.0,420
375,375,34,3720,0.0,631
376,376,27,2941,0.0,483
377,377,26,2748,0.0,381
378,378,23,2453,0.0,341
379,379,0,-102,0.0,3
380,380,41,4503,0.0,793
381,381,0,-95,0.0,8
382,382,33,3585,0.0,565
383,383,26,2767,0.0,406
384,384,20,2126,0.0,331
385,385,15,1556,0.0,212
386,386,39,4216,0.0,636
387,387,33,3557,0.0,557
388,388,30,3200,0.0,455
389,389,11,1132,0.0,170
390,390,28,3011,0.0,510
391,391,36,3939,0.0,654
392,392,25,2668,0.0,422
393,393,27,2937,0.0,461
394,394,24,2560,0.0,423
395,395,0,-106,0.0,7
396,396,20,2139,0.0,328
397,397,35,3760,0.0,542
398,398,0,-100,0.0,3
399,399,37,3982,0.0,598
400,400,36,3857,0.0,538
401,401,30,3233,0.0,480
402,402,0,-96,0.0,7
403,403,45,4813,0.0,747
404,404,0,-95,0.0,24
405,405,32,3446,0.0,525
406,406,19,2045,0.0,349
407,407,30,3278,0.0,515
408,408,22,2348,0.0,347
409,409,28,2959,0.0,376
410,410,0,-105,0.0,10
411,411,24,2511,0.0,410
412,412,26,2802,0.0,411
413,413,33,3587,0.0,599
414,414,15,1591,0.0,277
415,415,33,3555,0.0,605
416,416,48,5213,0.0,962
417,417,0,-99,0.0,20
418,418,46,5005,0.0,864
419,419,0,-97,0.0,6
420,420,41,4473,0.0,787
421,421,32,3457,0.0,510
422,422,0,-100,0.0,3
423,423,34,3661,0.0,512
424,424,31,3370,0.0,572
425,425,31,3274,0.0,420
426,426,0,-110,0.0,13
427,427,0,-98,0.0,5
428,428,29,3077,0.0,425
429,429,18,1906,0.0,333
430,430,25,2722,0.0,430
431,431,40,4368,0.0,701
432,432,37,3958,0.0,524
433,433,38,4165,0.0,774
434,434,0,-104,0.0,5
435,435,0,-110,0.0,13
436,436,0,-102,0.0,15
437,437,36,3848,0.0,517
438,438,35,3813,0.0,623
439,439,52,5747,0.0,866
440,440,51,5609,0.0,1037
441,441,19,2015,0.0,325
442,442,27,2888,0.0,402
443,443,26,2784,0.0,411
444,444,40,4305,0.0,636
445,445,22,2328,0.0,367
446,446,17,1770,0.0,276
447,447,31,3367,0.0,541
448,448,15,1554,0.0,210
449,449,30,3250,0.0,565
450,450,29,3068,0.0,462
451,451,0,-105,0.0,16
452,452,23,2493,0.0,377
453,453,35,3877,0.0,695
454,454,23,2449,0.0,327
455,455,55,6039,0.0,1065
456,456,32,3402,0.0,437
457,457,0,-105,0.0,10
458,458,22,2385,0.0,372
459,459,41,4501,0.0,753
460,460,29,3157,0.0,483
461,461,28,2988,0.0,459
462,462,32,3481,0.0,654
463,463,29,3168,0.0,498
464,464,19,2000,0.0,284
465,465,48,5182,0.0,793
466,466,33,3644,0.0,622
467,467,35,3758,0.0,624
468,468,12,1228,0.0,181
469,469,37,3933,0.0,557
470,470,44,4853,0.0,844
471,471,0,-94,0.0,9
472,472,19,1945,0.0,251
473,473,40,4390,0.0,715
474,474,0,-109,0.0,10
475,475,26,2747,0.0,368
476,476,0,-101,0.0,2
477,477,20,2130,0.0,293
478,478,38,4122,0.0,661
479,479,31,3328,0.0,482
480,480,36,3930,0.0,643
481,481,22,2413,0.0,406
482,482,0,-85,0.0,18
483,483,30,3235,0.0,490
484,484,22,2307,0.0,336
485,485,32,3480,0.0,549
486,486,0,-105,0.0,22
487,487,30,3241,0.0,476
488,488,21,2207,0.0,299
489,489,34,3745,0.0,616
490,490,17,1772,0.0,236
491,491,51,5504,0.0,740
492,492,36,3897,0.0,560
493,493,37,4081,0.0,691
494,494,0,-100,0.0,9
495,495,0,-106,0.0,7
496,496,0,-105,0.0,6
497,497,35,3752,0.0,496
498,498,43,4657,0.0,825
499,499,33,3569,0.0,585
500,500,30,3224,0.0,537
501,501,25,2703,0.0,391
502,502,27,2972,0.0,522
503,503,7,648,0.0,74
504,504,24,2533,0.0,350
505,505,29,3224,0.0,640
506,506,0,-97,0.0,16
507,507,40,4282,0.0,653
508,508,29,3176,0.0,518
509,509,0,-99,0.0,8
510,510,14,1449,0.0,204
511,511,19,1999,0.0,297
512,512,39,4240,0.0,734
513,513,5,455,0.0,87
514,514,9,882,0.0,116
515,515,10,995,0.0,128
516,516,0,-103,0.0,4
517,517,17,1742,0.0,208
518,518,19,1982,0.0,268
519,519,29,3109,0.0,479
520,520,42,4638,0.0,851
521,521,0,-97,0.0,8
522,522,23,2469,0.0,361
523,523,45,4956,0.0,964
524,524,30,3222,0.0,495
525,525,37,4032,0.0,594
526,526,43,4702,0.0,908
527,527,37,3990,0.0,554
528,528,34,3646,0.0,553
529,529,24,2482,0.0,353
530,530,53,5732,0.0,796
531,531,0,-73,0.0,32
532,532,45,4925,0.0,873
533,533,25,2641,0.0,359
534,534,30,3182,0.0,429
535,535,26,2808,0.0,499
536,536,0,-105,0.0,16
537,537,30,3211,0.0,510
538,538,34,3682,0.0,619
539,539,37,3925,0.0,499
540,540,0,-100,0.0,9
541,541,32,3380,0.0,471
542,542,16,1741,0.0,298
543,543,43,4692,0.0,756
544,544,30,3191,0.0,436
545,545,37,4004,0.0,604
546,546,42,4550,0.0,821
547,547,22,2356,0.0,355
548,548,46,5126,0.0,1059
549,549,28,3028,0.0,509
550,550,34,3674,0.0,601
551,551,54,5920,0.0,929
552,552,43,4696,0.0,892
553,553,25,2671,0.0,385
554,554,36,3833,0.0,538
555,555,24,2590,0.0,491
556,556,46,5031,0.0,770
557,557,20,2130,0.0,319
558,558,32,3460,0.0,529
559,559,15,1565,0.0,233
560,560,25,2696,0.0,416
561,561,44,4733,0.0,702
562,562,22,2340,0.0,323
563,563,0,-101,0.0,14
564,564,45,4965,0.0,957
565,565,35,3808,0.0,624
566,566,0,-96,0.0,7
567,567,27,2877,0.0,385
568,568,26,2836,0.0,439
569,569,41,4422,0.0,732
570,570,14,1455,0.0,210
571,571,44,4706,0.0,629
572,572,27,2925,0.0,491
573,573,27,2927,0.0,487
574,574,22,2383,0.0,400
575,575,22,2358,0.0,359
576,576,45,4928,0.0,830
577,577,15,1541,0.0,195
578,578,29,3133,0.0,471
579,579,23,2434,0.0,356
580,580,0,-109,0.0,10
581,581,14,1441,0.0,202
582,582,28,3052,0.0,497
583,583,29,3134,0.0,492
584,584,29,3148,0.0,508
585,585,16,1643,0.0,214
586,586,0,-99,0.0,4
587,587,28,3001,0.0,422
588,588,39,4221,0.0,605
589,589,36,3957,0.0,666
590,590,35,3744,0.0,524
591,591,35,3806,0.0,566
592,592,32,3420,0.0,603
593,593,0,-96,0.0,9
594,594,27,2902,0.0,464
595,595,37,3991,0.0,603
596,596,32,3490,0.0,673
597,597,23,2465,0.0,383
598,598,0,-102,0.0,7
599,599,20,2073,0.0,302
600,600,0,-96,0.0,15
601,601,30,3273,0.0,558
602,602,28,3026,0.0,481
603,603,39,4231,0.0,705
604,604,33,3535,0.0,495
605,605,17,1769,0.0,231
606,606,0,-97,0.0,6
607,607,31,3319,0.0,465
608,608,0,-92,0.0,13
609,609,24,2576,0.0,441
610,610,46,5016,0.0,829
611,611,60,6567,0.0,1192
612,612,54,5919,0.0,1068
613,613,21,2263,0.0,353
614,614,45,4878,0.0,840
615,615,28,2962,0.0,413
616,616,40,4315,0.0,608
617,617,30,3308,0.0,623
618,618,29,3132,0.0,470
619,619,33,3510,0.0,486
620,620,20,2104,0.0,281
621,621,30,3268,0.0,515
622,622,16,1648,0.0,203
623,623,17,1756,0.0,220
624,624,30,3247,0.0,488
625,625,28,2952,0.0,449
626,626,38,4094,0.0,701
627,627,19,2020,0.0,298
628,628,35,3789,0.0,607
629,629,35,3860,0.0,652
630,630,21,2209,0.0,299
631,631,23,2431,0.0,365
632,632,29,3130,0.0,516
633,633,20,2122,0.0,299
634,634,0,-101,0.0,2
635,635,17,1775,0.0,243
636,636,35,3779,0.0,549
637,637,18,1897,0.0,276
638,638,40,4240,0.0,611
639,639,35,3785,0.0,589
640,640,25,2709,0.0,441
641,641,38,4112,0.0,593
642,642,31,3415,0.0,613
643,643,0,-104,0.0,7
644,644,56,6046,0.0,1053
645,645,0,-87,0.0,38
646,646,22,2387,0.0,432
647,647,0,-95,0.0,8
648,648,20,2185,0.0,356
649,649,0,-100,0.0,27
650,650,34,3689,0.0,578
651,651,20,2190,0.0,367
652,652,41,4419,0.0,705
653,653,34,3651,0.0,524
654,654,20,2108,0.0,313
655,655,0,-94,0.0,9
656,656,48,5209,0.0,844
657,657,0,-100,0.0,3
658,658,28,3000,0.0,441
659,659,43,4722,0.0,752
660,660,40,4303,0.0,650
661,661,29,3189,0.0,557
662,662,23,2399,0.0,299
663,663,0,-90,0.0,13
664,664,25,2598,0.0,324
665,665,0,-98,0.0,5
666,666,37,3981,0.0,635
667,667,42,4591,0.0,736
668,668,0,-94,0.0,33
669,669,0,-105,0.0,6
670,670,55,6067,0.0,1209
671,671,27,2887,0.0,405
672,672,14,1410,0.0,181
673,673,54,5929,0.0,1162
674,674,33,3513,0.0,537
675,675,30,3245,0.0,512
676,676,26,2796,0.0,433
677,677,37,4039,0.0,715
678,678,16,1670,0.0,223
679,679,35,3842,0.0,616
680,680,60,6569,0.0,1238
681,681,0,-107,0.0,16
682,682,31,3351,0.0,499
683,683,24,2511,0.0,322
684,684,35,3809,0.0,573
685,685,29,3169,0.0,533
686,686,38,4112,0.0,615
687,687,27,2901,0.0,437
688,688,42,4527,0.0,704
689,689,25,2712,0.0,416
690,690,50,5419,0.0,880
691,691,37,4044,0.0,698
692,692,15,1557,0.0,223
693,693,58,6324,0.0,1323
694,694,0,-103,0.0,8
695,695,26,2767,0.0,486
696,696,16,1655,0.0,222
697,697,23,2451,0.0,359
698,698,0,-114,0.0,15
699,699,46,4937,0.0,810
700,700,45,5002,0.0,920
701,701,25,2666,0.0,400
702,702,46,4980,0.0,765
703,703,32,3430,0.0,553
704,704,38,4155,0.0,692
705,705,16,1622,0.0,183
706,706,34,3733,0.0,634
707,707,23,2446,0.0,388
708,708,0,-98,0.0,7
709,709,42,4585,0.0,768
710,710,53,5812,0.0,924
711,711,24,2580,0.0,459
712,712,29,3112,0.0,470
713,713,23,2438,0.0,348
714,714,27,2887,0.0,397
715,715,0,-95,0.0,8
716,716,27,2913,0.0,477
717,717,29,3114,0.0,432
718,718,29,3128,0.0,468
719,719,59,6353,0.0,1011
720,720,32,3478,0.0,501
721,721,0,-102,0.0,5
722,722,43,4689,0.0,713
723,723,41,4402,0.0,598
724,724,0,-95,0.0,8
725,725,0,-98,0.0,5
726,726,27,2895,0.0,457
727,727,54,5901,0.0,964
728,728,47,5133,0.0,839
729,729,27,2820,0.0,338
730,730,15,1593,0.0,259
731,731,33,3585,0.0,559
732,732,13,1310,0.0,154
733,733,36,3914,0.0,633
734,734,35,3806,0.0,640
735,735,41,4501,0.0,699
736,736,45,4917,0.0,865
737,737,29,3077,0.0,453
738,738,35,3758,0.0,628
739,739,13,1368,0.0,218
740,740,17,1801,0.0,313
741,741,20,2187,0.0,376
742,742,35,3764,0.0,534
743,743,39,4303,0.0,763
744,744,26,2758,0.0,359
745,745,37,4041,0.0,595
746,746,26,2836,0.0,429
747,747,0,-93,0.0,10
748,748,47,5183,0.0,861
749,749,25,2737,0.0,437
750,750,25,2681,0.0,429
751,751,17,1757,0.0,253
752,752,22,2348,0.0,333
753,753,46,5034,0.0,779
754,754,36,3894,0.0,623
755,755,39,4280,0.0,654
756,756,14,1429,0.0,234
757,757,15,1527,0.0,189
758,758,18,1871,0.0,254
759,759,0,-86,0.0,17
760,760,31,3350,0.0,550
761,761,23,2539,0.0,427
762,762,17,1731,0.0,201
763,763,48,5216,0.0,963
764,764,19,1973,0.0,253
765,765,30,3199,0.0,446
766,766,0,-109,0.0,10
767,767,35,3758,0.0,578
768,768,39,4140,0.0,614
769,769,31,3358,0.0,514
770,770,49,5346,0.0,776
771,771,29,3144,0.0,484
772,772,39,4270,0.0,706
773,773,15,1576,0.0,230
774,774,12,1247,0.0,186
775,775,49,5313,0.0,811
776,776,32,3418,0.0,577
777,777,29,3109,0.0,493
778,778,32,3478,0.0,483
779,779,19,2008,0.0,286
780,780,38,4098,0.0,613
781,781,23,2425,0.0,379
782,782,18,1919,0.0,292
783,783,28,3018,0.0,497
784,784,28,3004,0.0,437
785,785,27,2941,0.0,515
786,786,15,1616,0.0,272
787,787,37,3959,0.0,545
788,788,29,3172,0.0,482
789,789,35,3864,0.0,660
790,790,53,5760,0.0,834
791,791,12,1251,0.0,230
792,792,45,4896,0.0,704
793,793,39,4189,0.0,577
794,794,30,3190,0.0,423
795,795,0,-98,0.0,5
796,796,50,5518,0.0,1021
797,797,36,3911,0.0,684
798,798,30,3235,0.0,554
799,799,54,5885,0.0,1126
800,800,25,2683,0.0,385
801,801,27,2875,0.0,421
802,802,22,2287,0.0,298
803,803,28,3033,0.0,464
804,804,0,-102,0.0,9
805,805,31,3287,0.0,463
806,806,23,2478,0.0,390
807,807,26,2809,0.0,498
808,808,17,1751,0.0,209
809,809,17,1782,0.0,246
810,810,26,2788,0.0,439
811,811,21,2238,0.0,352
812,812,50,5517,0.0,876
813,813,33,3592,0.0,706
814,814,0,-112,0.0,13
815,815,25,2645,0.0,377
816,816,26,2738,0.0,327
817,817,33,3557,0.0,553
818,818,40,4307,0.0,658
819,819,23,2457,0.0,357
820,820,16,1655,0.0,220
821,821,29,3194,0.0,530
822,822,18,1863,0.0,248
823,823,35,3764,0.0,626
824,824,0,-88,0.0,15
825,825,22,2284,0.0,279
826,826,28,3015,0.0,454
827,827,0,-109,0.0,10
828,828,37,4056,0.0,668
829,829,44,4833,0.0,794
830,830,44,4799,0.0,752
831,831,0,-100,0.0,1
832,832,27,2919,0.0,525
833,833,29,3113,0.0,469
834,834,25,2638,0.0,368
835,835,12,1215,0.0,208
836,836,24,2596,0.0,431
837,837,35,3845,0.0,671
838,838,0,-86,0.0,19
839,839,33,3643,0.0,613
840,840,28,2988,0.0,425
841,841,34,3681,0.0,618
842,842,7,657,0.0,95
843,843,41,4464,0.0,714
844,844,31,3304,0.0,504
845,845,48,5190,0.0,903
846,846,32,3482,0.0,571
847,847,11,1115,0.0,157
848,848,34,3684,0.0,589
849,849,37,4052,0.0,708
850,850,16,1723,0.0,278
851,851,11,1097,0.0,139
852,852,20,2154,0.0,329
853,853,39,4265,0.0,769
854,854,27,2855,0.0,421
855,855,12,1215,0.0,162
856,856,25,2728,0.0,470
857,857,40,4377,0.0,792
858,858,30,3228,0.0,467
859,859,51,5581,0.0,857
860,860,35,3728,0.0,518
861,861,35,3750,0.0,554
862,862,31,3312,0.0,610
863,863,0,-104,0.0,5
864,864,31,3334,0.0,540
865,865,35,3785,0.0,603
866,866,39,4280,0.0,702
867,867,0,-91,0.0,12
868,868,22,2340,0.0,327
869,869,37,4058,0.0,724
870,870,29,3108,0.0,486
871,871,21,2220,0.0,354
872,872,35,3807,0.0,585
873,873,0,-100,0.0,19
874,874,28,2952,0.0,415
875,875,36,3860,0.0,559
876,876,56,6156,0.0,1123
877,877,19,1984,0.0,250
878,878,50,5440,0.0,855
879,879,32,3395,0.0,474
880,880,34,3682,0.0,603
881,881,19,1983,0.0,263
882,882,23,2466,0.0,368
883,883,38,4130,0.0,687
884,884,32,3415,0.0,446
885,885,36,3850,0.0,603
886,886,7,646,0.0,84
887,887,35,3822,0.0,584
888,888,31,3340,0.0,496
889,889,41,4438,0.0,656
890,890,31,3283,0.0,615
891,891,26,2796,0.0,417
892,892,18,1933,0.0,300
893,893,18,1921,0.0,286
894,894,32,3403,0.0,700
895,895,0,-87,0.0,18
896,896,0,-91,0.0,12
897,897,41,4407,0.0,749
898,898,0,-99,0.0,4
899,899,45,4885,0.0,833
900,900,18,1896,0.0,313
901,901,43,4690,0.0,746
902,902,31,3336,0.0,700
903,903,54,5862,0.0,1121
904,904,55,6042,0.0,1074
905,905,22,2332,0.0,347
906,906,27,2852,0.0,378
907,907,21,2213,0.0,369
908,908,21,2175,0.0,297
909,909,0,-114,0.0,21
910,910,17,1798,0.0,274
911,911,0,-89,0.0,18
912,912,33,3539,0.0,521
913,913,37,3980,0.0,610
914,914,40,4346,0.0,823
915,915,0,-100,0.0,1
916,916,31,3387,0.0,569
917,917,39,4245,0.0,743
918,918,48,5254,0.0,933
919,919,18,1874,0.0,299
920,920,0,-97,0.0,12
921,921,30,3226,0.0,491
922,922,27,2901,0.0,449
923,923,42,4579,0.0,878
924,924,38,4129,0.0,748
925,925,39,4250,0.0,718
926,926,28,3101,0.0,508
927,927,28,2979,0.0,426
928,928,24,2612,0.0,495
929,929,46,5020,0.0,945
930,930,29,3011,0.0,345
931,931,34,3696,0.0,589
932,932,45,4939,0.0,845
933,933,30,3203,0.0,498
934,934,21,2198,0.0,290
935,935,28,2977,0.0,412
936,936,36,3942,0.0,633
937,937,31,3381,0.0,525
938,938,43,4711,0.0,781
939,939,44,4757,0.0,786
940,940,29,3100,0.0,494
941,941,33,3522,0.0,598
942,942,37,4002,0.0,604
943,943,42,4581,0.0,834
944,944,22,2368,0.0,341
945,945,0,-88,0.0,15
946,946,10,988,0.0,133
947,947,23,2457,0.0,361
948,948,25,2660,0.0,382
949,949,38,4111,0.0,682
950,950,37,3946,0.0,628
951,951,47,5132,0.0,910
952,952,40,4268,0.0,657
953,953,49,5324,0.0,890
954,954,37,3972,0.0,586
955,955,22,2340,0.0,359
956,956,47,5119,0.0,831
957,957,41,4421,0.0,715
958,958,32,3503,0.0,548
959,959,0,-97,0.0,6
960,960,37,3987,0.0,635
961,961,37,3959,0.0,555
962,962,0,-110,0.0,11
963,963,0,-94,0.0,17
964,964,30,3234,0.0,539
965,965,21,2250,0.0,350
966,966,22,2374,0.0,431
967,967,36,3934,0.0,609
968,968,18,1867,0.0,272
969,969,38,4114,0.0,563
970,970,10,991,0.0,134
971,971,22,2291,0.0,304
972,972,30,3260,0.0,543
973,973,23,2450,0.0,340
974,974,15,1554,0.0,218
975,975,44,4856,0.0,869
976,976,13,1299,0.0,149
977,977,29,3176,0.0,556
978,978,40,4456,0.0,747
979,979,38,4058,0.0,641
980,980,42,4585,0.0,668
981,981,40,4350,0.0,837
982,982,17,1825,0.0,287
983,983,24,2535,0.0,388
984,984,23,2445,0.0,357
985,985,35,3770,0.0,656
986,986,33,3522,0.0,598
987,987,27,2841,0.0,395
988,988,37,3952,0.0,488
989,989,57,6220,0.0,1216
990,990,26,2805,0.0,488
991,991,0,-103,0.0,20
992,992,37,3951,0.0,585
993,993,33,3573,0.0,633
994,994,31,3333,0.0,567
995,995,47,5073,0.0,765
996,996,18,1896,0.0,265
997,997,44,4729,0.0,676
998,998,0,-105,0.0,6
999,999,21,2223,0.0,373
1000,1000,0,-103,0.0,4
1001,1001,39,4227,0.0,689
1002,1002,21,2234,0.0,324
1003,1003,27,2902,0.0,482
1004,1004,0,-100,0.0,3
1005,1005,42,4458,0.0,617
1006,1006,0,-105,0.0,6
1007,1007,44,4759,0.0,854
1008,1008,31,3281,0.0,493
1009,1009,53,5747,0.0,957
1010,1010,51,5590,0.0,1062
1011,1011,35,3754,0.0,558
1012,1012,37,3991,0.0,529
1013,1013,48,5183,0.0,874
1014,1014,31,3321,0.0,487
1015,1015,0,-104,0.0,7
1016,1016,33,3529,0.0,503
1017,1017,0,-93,0.0,10
1018,1018,50,5461,0.0,1016
1019,1019,0,-100,0.0,1
1020,1020,32,3397,0.0,520
1021,1021,23,2431,0.0,323
1022,1022,22,2337,0.0,328
1023,1023,38,4133,0.0,710
1024,1024,30,3241,0.0,470
1025,1025,38,4131,0.0,656
1026,1026,36,3808,0.0,505
1027,1027,28,3032,0.0,479
1028,1028,37,4028,0.0,598
1029,1029,0,-101,0.0,2
1030,1030,50,5398,0.0,923
1031,1031,26,2747,0.0,344
1032,1032,21,2280,0.0,360
1033,1033,36,3875,0.0,508
1034,1034,33,3515,0.0,477
1035,1035,36,3903,0.0,678
1036,1036,46,4954,0.0,819
1037,1037,21,2277,0.0,381
1038,1038,0,-95,0.0,8
1039,1039,22,2321,0.0,316
1040,1040,29,3096,0.0,464
1041,1041,25,2612,0.0,358
1042,1042,43,4666,0.0,818
1043,1043,29,3155,0.0,497
1044,1044,19,2005,0.0,269
1045,1045,31,3383,0.0,549
1046,1046,20,2095,0.0,264
1047,1047,33,3630,0.0,626
1048,1048,47,5098,0.0,786
1049,1049,25,2651,0.0,377
1050,1050,34,3673,0.0,616
1051,1051,28,2984,0.0,427
1052,1052,28,3071,0.0,556
1053,1053,31,3330,0.0,654
1054,1054,39,4238,0.0,654
1055,1055,27,2856,0.0,588
1056,1056,26,2818,0.0,437
1057,1057,55,5939,0.0,973
1058,1058,34,3674,0.0,553
1059,1059,37,4060,0.0,674
1060,1060,46,5036,0.0,967
1061,1061,42,4563,0.0,682
1062,1062,21,2207,0.0,315
1063,1063,45,4809,0.0,741
1064,1064,12,1197,0.0,170
1065,1065,0,-100,0.0,1
1066,1066,33,3531,0.0,587
1067,1067,37,4001,0.0,685
1068,1068,28,3047,0.0,528
1069,1069,23,2452,0.0,402
1070,1070,25,2666,0.0,426
1071,1071,22,2388,0.0,383
1072,1072,27,2886,0.0,438
1073,1073,0,-110,0.0,11
1074,1074,24,2601,0.0,406
1075,1075,23,2440,0.0,394
1076,1076,34,3670,0.0,611
1077,1077,39,4240,0.0,678
1078,1078,32,3537,0.0,600
1079,1079,29,3101,0.0,423
1080,1080,34,3645,0.0,572
1081,1081,32,3402,0.0,439
1082,1082,25,2628,0.0,340
1083,1083,30,3279,0.0,546
1084,1084,21,2217,0.0,329
1085,1085,34,3692,0.0,601
1086,1086,32,3464,0.0,525
1087,1087,36,3865,0.0,542
1088,1088,30,3272,0.0,565
1089,1089,55,6008,0.0,1158
1090,1090,21,2244,0.0,328
1091,1091,16,1691,0.0,296
1092,1092,0,-104,0.0,5
1093,1093,28,2986,0.0,419
1094,1094,35,3789,0.0,597
1095,1095,40,4319,0.0,616
1096,1096,48,5232,0.0,841
1097,1097,31,3356,0.0,572
1098,1098,49,5372,0.0,918
1099,1099,18,1939,0.0,318
1100,1100,41,4420,0.0,808
1101,1101,40,4270,0.0,687
1102,1102,49,5334,0.0,892
1103,1103,0,-112,0.0,13
1104,1104,38,4070,0.0,583
1105,1105,0,-100,0.0,3
1106,1106,16,1682,0.0,253
1107,1107,38,4123,0.0,684
1108,1108,0,-87,0.0,22
1109,1109,29,3116,0.0,456
1110,1110,39,4215,0.0,729
1111,1111,29,3116,0.0,486
1112,1112,50,5402,0.0,827
1113,1113,23,2454,0.0,416
1114,1114,39,4312,0.0,722
1115,1115,36,3878,0.0,683
1116,1116,43,4676,0.0,728
1117,1117,28,2989,0.0,438
1118,1118,43,4690,0.0,790
1119,1119,38,4187,0.0,694
1120,1120,24,2549,0.0,346
1121,1121,33,3569,0.0,511
1122,1122,25,2679,0.0,387
1123,1123,28,2978,0.0,395
1124,1124,37,4051,0.0,647
1125,1125,22,2361,0.0,356
1126,1126,5,485,0.0,119
1127,1127,26,2795,0.0,434
1128,1128,44,4802,0.0,765
1129,1129,56,6094,0.0,1245
1130,1130,19,1967,0.0,267
1131,1131,50,5456,0.0,879
1132,1132,25,2648,0.0,400
1133,1133,28,2967,0.0,426
1134,1134,25,2692,0.0,426
1135,1135,27,2835,0.0,403
1136,1136,36,3852,0.0,609
1137,1137,31,3354,0.0,502
1138,1138,24,2559,0.0,420
1139,1139,14,1407,0.0,172
1140,1140,31,3406,0.0,568
1141,1141,31,3318,0.0,482
1142,1142,16,1631,0.0,186
1143,1143,32,3400,0.0,481
1144,1144,0,-105,0.0,12
1145,1145,26,2774,0.0,387
1146,1146,30,3252,0.0,553
1147,1147,29,3133,0.0,475
1148,1148,0,-88,0.0,21
1149,1149,25,2652,0.0,370
1150,1150,39,4310,0.0,784
1151,1151,35,3771,0.0,631
1152,1152,35,3799,0.0,585
1153,1153,26,2747,0.0,380
1154,1154,0,-92,0.0,11
1155,1155,16,1724,0.0,283
1156,1156,23,2423,0.0,319
1157,1157,21,2226,0.0,324
1158,1158,36,3963,0.0,2086
1159,1159,33,3594,0.0,574
1160,1160,22,2384,0.0,379
1161,1161,44,4753,0.0,770
1162,1162,48,5199,0.0,862
1163,1163,24,2610,0.0,411
1164,1164,41,4487,0.0,709
1165,1165,0,-88,0.0,15
1166,1166,32,3437,0.0,470
1167,1167,35,3783,0.0,555
1168,1168,32,3494,0.0,551
1169,1169,0,-100,0.0,3
1170,1170,21,2202,0.0,320
1171,1171,0,-111,0.0,16
1172,1172,20,2079,0.0,300
1173,1173,23,2435,0.0,329
1174,1174,32,3528,0.0,553
1175,1175,0,-97,0.0,10
1176,1176,34,3727,0.0,632
1177,1177,12,1221,0.0,178
1178,1178,29,3074,0.0,466
1179,1179,53,5789,0.0,953
1180,1180,27,2937,0.0,479
1181,1181,24,2552,0.0,361
1182,1182,28,3014,0.0,439
1183,1183,0,-96,0.0,7
1184,1184,57,6284,0.0,1104
1185,1185,34,3668,0.0,575
1186,1186,29,3120,0.0,582
1187,1187,24,2581,0.0,384
1188,1188,28,3024,0.0,451
1189,1189,23,2428,0.0,354
1190,1190,37,3977,0.0,569
1191,1191,39,4213,0.0,751
1192,1192,66,7223,0.0,1298
1193,1193,35,3783,0.0,729
1194,1194,38,4123,0.0,666
1195,1195,12,1230,0.0,183
1196,1196,0,-96,0.0,7
1197,1197,23,2424,0.0,320
1198,1198,21,2178,0.0,318
1199,1199,0,-98,0.0,21
1200,1200,40,4429,0.0,740
1201,1201,39,4308,0.0,772
1202,1202,13,1316,0.0,170
1203,1203,43,4696,0.0,958
1204,1204,41,4414,0.0,702
1205,1205,26,2760,0.0,371
1206,1206,14,1436,0.0,201
1207,1207,37,3998,0.0,576
1208,1208,28,2959,0.0,374
1209,1209,32,3415,0.0,608
1210,1210,23,2458,0.0,452
1211,1211,20,2192,0.0,393
1212,1212,43,4642,0.0,822
1213,1213,53,5873,0.0,1015
1214,1214,24,2646,0.0,443
1215,1215,41,4463,0.0,801
1216,1216,16,1615,0.0,212
1217,1217,39,4324,0.0,688
1218,1218,33,3614,0.0,692
1219,1219,18,1906,0.0,275
1220,1220,23,2447,0.0,345
1221,1221,19,1991,0.0,293
1222,1222,41,4416,0.0,704
1223,1223,14,1455,0.0,222
1224,1224,50,5484,0.0,1165
1225,1225,0,-99,0.0,4
1226,1226,43,4645,0.0,735
1227,1227,30,3220,0.0,433
1228,1228,40,4366,0.0,823
1229,1229,39,4242,0.0,708
1230,1230,41,4395,0.0,651
1231,1231,40,4344,0.0,681
1232,1232,32,3419,0.0,546
1233,1233,57,6147,0.0,923
1234,1234,21,2229,0.0,293
1235,1235,35,3789,0.0,639
1236,1236,33,3557,0.0,573
1237,1237,26,2751,0.0,452
1238,1238,29,3145,0.0,543
1239,1239,56,6132,0.0,1155
1240,1240,37,4015,0.0,625
1241,1241,51,5473,0.0,1053
1242,1242,11,1129,0.0,165
1243,1243,30,3183,0.0,464
1244,1244,0,-97,0.0,6
1245,1245,30,3245,0.0,460
1246,1246,31,3290,0.0,490
1247,1247,24,2592,0.0,481
1248,1248,27,3017,0.0,515
1249,1249,42,4556,0.0,659
1250,1250,39,4146,0.0,666
1251,1251,35,3713,0.0,557
1252,1252,42,4593,0.0,760
1253,1253,40,4385,0.0,766
1254,1254,48,5303,0.0,920
1255,1255,35,3778,0.0,648
1256,1256,49,5360,0.0,952
1257,1257,22,2413,0.0,420
1258,1258,42,4521,0.0,638
1259,1259,30,3314,0.0,565
1260,1260,35,3822,0.0,668
1261,1261,26,2795,0.0,414
1262,1262,11,1136,0.0,188
1263,1263,0,-102,0.0,5
1264,1264,26,2750,0.0,393
1265,1265,27,2859,0.0,397
1266,1266,0,-84,0.0,21
1267,1267,0,-94,0.0,9
1268,1268,29,3105,0.0,415
1269,1269,40,4416,0.0,737
1270,1270,21,2171,0.0,265
1271,1271,23,2445,0.0,335
1272,1272,39,4201,0.0,609
1273,1273,47,5112,0.0,894
1274,1274,28,2908,0.0,367
1275,1275,0,-97,0.0,18
1276,1276,35,3807,0.0,589
1277,1277,40,4393,0.0,846
1278,1278,23,2444,0.0,346
1279,1279,37,3998,0.0,640
1280,1280,29,3102,0.0,434
1281,1281,38,4102,0.0,697
1282,1282,38,4084,0.0,603
1283,1283,25,2644,0.0,372
1284,1284,32,3443,0.0,466
1285,1285,0,-89,0.0,42
1286,1286,27,2885,0.0,465
1287,1287,26,2805,0.0,416
1288,1288,37,4038,0.0,654
1289,1289,43,4630,0.0,870
1290,1290,17,1806,0.0,272
1291,1291,20,2121,0.0,306
1292,1292,0,-100,0.0,1
1293,1293,39,4224,0.0,670
1294,1294,18,1892,0.0,273
1295,1295,34,3681,0.0,520
1296,1296,23,2514,0.0,462
1297,1297,0,-101,0.0,2
1298,1298,35,3755,0.0,553
1299,1299,35,3792,0.0,532
1300,1300,44,4780,0.0,915
1301,1301,22,2296,0.0,279
1302,1302,47,5179,0.0,1013
1303,1303,0,-106,0.0,11
1304,1304,0,-102,0.0,15
1305,1305,45,4836,0.0,710
1306,1306,0,-100,0.0,1
1307,1307,42,4545,0.0,780
1308,1308,30,3197,0.0,512
1309,1309,24,2564,0.0,391
1310,1310,0,-90,0.0,13
1311,1311,13,1335,0.0,189
1312,1312,17,1770,0.0,234
1313,1313,38,4162,0.0,721
1314,1314,17,1774,0.0,244
1315,1315,38,4125,0.0,636
1316,1316,59,6433,0.0,1169
1317,1317,57,6275,0.0,1139
1318,1318,18,1875,0.0,254
1319,1319,35,3810,0.0,676
1320,1320,33,3542,0.0,522
1321,1321,21,2188,0.0,330
1322,1322,27,2914,0.0,460
1323,1323,30,3260,0.0,503
1324,1324,0,-94,0.0,13
1325,1325,44,4766,0.0,917
1326,1326,34,3709,0.0,602
1327,1327,24,2563,0.0,380
1328,1328,23,2406,0.0,360
1329,1329,55,5927,0.0,901
1330,1330,39,4218,0.0,682
1331,1331,46,5051,0.0,872
1332,1332,26,2753,0.0,372
1333,1333,38,4112,0.0,691
1334,1334,45,4935,0.0,897
1335,1335,28,2997,0.0,428
1336,1336,15,1557,0.0,219
1337,1337,40,4327,0.0,710
1338,1338,42,4564,0.0,789
1339,1339,36,3857,0.0,524
1340,1340,14,1475,0.0,236
1341,1341,41,4398,0.0,648
1342,1342,29,3145,0.0,519
1343,1343,14,1441,0.0,208
1344,1344,27,2907,0.0,503
1345,1345,45,4906,0.0,882
1346,1346,0,-96,0.0,13
1347,1347,41,4412,0.0,694
1348,1348,33,3583,0.0,561
1349,1349,40,4351,0.0,714
1350,1350,16,1664,0.0,229
1351,1351,42,4472,0.0,599
1352,1352,35,3773,0.0,599
1353,1353,40,4314,0.0,711
1354,1354,23,2410,0.0,288
1355,1355,49,5330,0.0,950
1356,1356,38,4186,0.0,687
1357,1357,28,3005,0.0,466
1358,1358,16,1671,0.0,232
1359,1359,44,4834,0.0,881
1360,1360,18,1844,0.0,261
1361,1361,47,5124,0.0,1022
1362,1362,28,3072,0.0,523
1363,1363,42,4576,0.0,849
1364,1364,26,2736,0.0,425
1365,1365,36,3958,0.0,631
1366,1366,18,1905,0.0,268
1367,1367,44,4761,0.0,724
1368,1368,47,5149,0.0,1015
1369,1369,35,3728,0.0,558
1370,1370,35,3779,0.0,545
1371,1371,28,3059,0.0,474
1372,1372,28,2941,0.0,388
1373,1373,17,1788,0.0,288
1374,1374,38,4043,0.0,550
1375,1375,41,4414,0.0,704
1376,1376,42,4570,0.0,787
1377,1377,35,3746,0.0,574
1378,1378,58,6405,0.0,1256
1379,1379,30,3233,0.0,438
1380,1380,0,-99,0.0,4
1381,1381,41,4457,0.0,789
1382,1382,17,1791,0.0,251
1383,1383,33,3535,0.0,493
1384,1384,0,-84,0.0,21
1385,1385,20,2129,0.0,308
1386,1386,50,5524,0.0,1043
1387,1387,59,6405,0.0,1083
1388,1388,58,6374,0.0,1259
1389,1389,39,4226,0.0,708
1390,1390,42,4537,0.0,838
1391,1391,46,4984,0.0,747
1392,1392,0,-108,0.0,9
1393,1393,14,1464,0.0,241
1394,1394,43,4638,0.0,722
1395,1395,12,1216,0.0,159
1396,1396,36,3828,0.0,531
1397,1397,38,4091,0.0,638
1398,1398,0,-100,0.0,5
1399,1399,23,2456,0.0,410
1400,1400,25,2663,0.0,391
1401,1401,40,4346,0.0,821
1402,1402,32,3442,0.0,507
1403,1403,0,-97,0.0,6
1404,1404,31,3335,0.0,457
1405,1405,44,4783,0.0,792
1406,1406,24,2591,0.0,392
1407,1407,26,2774,0.0,393
1408,1408,24,2570,0.0,429
1409,1409,43,4776,0.0,830
1410,1410,30,3186,0.0,479
1411,1411,50,5545,0.0,966
1412,1412,0,-94,0.0,9
1413,1413,31,3284,0.0,436
1414,1414,16,1695,0.0,250
1415,1415,0,-89,0.0,16
1416,1416,22,2265,0.0,254
1417,1417,40,4284,0.0,663
1418,1418,39,4252,0.0,836
1419,1419,0,-108,0.0,9
1420,1420,27,2869,0.0,405
1421,1421,39,4206,0.0,694
1422,1422,21,2254,0.0,382
1423,1423,25,2686,0.0,444
1424,1424,43,4691,0.0,857
1425,1425,19,2017,0.0,299
1426,1426,71,7795,0.0,1335
1427,1427,27,2949,0.0,469
1428,1428,22,2310,0.0,325
1429,1429,38,4129,0.0,712
1430,1430,38,4104,0.0,691
1431,1431,29,3083,0.0,493
1432,1432,49,5359,0.0,929
1433,1433,27,2881,0.0,449
1434,1434,19,1996,0.0,304
1435,1435,35,3689,0.0,537
1436,1436,37,4090,0.0,766
1437,1437,0,-103,0.0,4
1438,1438,41,4429,0.0,715
1439,1439,39,4259,0.0,769
1440,1440,46,4995,0.0,868
1441,1441,36,3901,0.0,708
1442,1442,37,4027,0.0,719
1443,1443,28,3034,0.0,479
1444,1444,20,2073,0.0,274
1445,1445,18,1870,0.0,251
1446,1446,37,4052,0.0,720
1447,1447,36,3964,0.0,735
1448,1448,21,2241,0.0,339
1449,1449,38,4051,0.0,578
1450,1450,26,2793,0.0,412
1451,1451,45,4925,0.0,845
1452,1452,28,2914,0.0,343
1453,1453,31,3279,0.0,471
1454,1454,24,2542,0.0,433
1455,1455,39,4181,0.0,707
1456,1456,39,4167,0.0,573
1457,1457,31,3366,0.0,596
1458,1458,39,4224,0.0,690
1459,1459,42,4634,0.0,893
1460,1460,40,4331,0.0,772
1461,1461,37,4063,0.0,719
1462,1462,45,4885,0.0,879
1463,1463,35,3792,0.0,602
1464,1464,0,-90,0.0,13
1465,1465,42,4632,0.0,861
1466,1466,0,-105,0.0,6
1467,1467,36,3968,0.0,741
1468,1468,54,5886,0.0,1055
1469,1469,39,4235,0.0,717
1470,1470,37,4014,0.0,712
1471,1471,0,-94,0.0,9
1472,1472,39,4202,0.0,676
1473,1473,38,4163,0.0,654
1474,1474,42,4533,0.0,648
1475,1475,24,2553,0.0,390
1476,1476,31,3416,0.0,608
1477,1477,49,5360,0.0,898
1478,1478,52,5592,0.0,805
1479,1479,54,5965,0.0,1124
1480,1480,25,2645,0.0,361
1481,1481,41,4429,0.0,715
1482,1482,46,4981,0.0,816
1483,1483,59,6448,0.0,942
1484,1484,38,4132,0.0,893
1485,1485,17,1742,0.0,214
1486,1486,49,5341,0.0,947
1487,1487,30,3208,0.0,523
1488,1488,35,3794,0.0,580
1489,1489,38,4087,0.0,606
1490,1490,18,1883,0.0,264
1491,1491,40,4313,0.0,748
1492,1492,17,1790,0.0,336
1493,1493,46,5023,0.0,798
1494,1494,26,2814,0.0,529
1495,1495,31,3354,0.0,562
1496,1496,38,4154,0.0,755
1497,1497,0,-85,0.0,28
1498,1498,34,3556,0.0,425
1499,1499,36,3941,0.0,626
1500,1500,30,3277,0.0,590
1501,1501,47,5122,0.0,834
1502,1502,34,3660,0.0,557
1503,1503,30,3225,0.0,456
1504,1504,33,3572,0.0,588
1505,1505,40,4287,0.0,606
1506,1506,32,3424,0.0,481
1507,1507,20,2061,0.0,234
1508,1508,32,3433,0.0,602
1509,1509,38,4123,0.0,650
1510,1510,25,2614,0.0,400
1511,1511,30,3322,0.0,595
1512,1512,44,4910,0.0,893
1513,1513,47,5115,0.0,913
1514,1514,16,1650,0.0,213
1515,1515,18,1901,0.0,302
1516,1516,44,4892,0.0,897
1517,1517,39,4283,0.0,725
1518,1518,37,4004,0.0,632
1519,1519,17,1823,0.0,297
1520,1520,27,2871,0.0,395
1521,1521,16,1713,0.0,282
1522,1522,13,1359,0.0,213
1523,1523,27,2911,0.0,447
1524,1524,11,1111,0.0,157
1525,1525,33,3598,0.0,738
1526,1526,31,3252,0.0,390
1527,1527,23,2432,0.0,336
1528,1528,31,3309,0.0,461
1529,1529,23,2491,0.0,373
1530,1530,0,-85,0.0,22
1531,1531,0,-98,0.0,5
1532,1532,23,2449,0.0,373
1533,1533,37,3941,0.0,605
1534,1534,48,5231,0.0,802
1535,1535,42,4554,0.0,815
1536,1536,22,2357,0.0,356
1537,1537,28,3028,0.0,535
1538,1538,28,2976,0.0,429
1539,1539,31,3297,0.0,463
1540,1540,0,-103,0.0,6
1541,1541,50,5525,0.0,1020
1542,1542,0,-104,0.0,15
1543,1543,27,2853,0.0,377
1544,1544,49,5348,0.0,974
1545,1545,44,4803,0.0,838
1546,1546,25,2644,0.0,396
1547,1547,38,4185,0.0,724
1548,1548,27,2889,0.0,435
1549,1549,0,-100,0.0,17
1550,1550,25,2621,0.0,363
1551,1551,49,5429,0.0,1025
1552,1552,8,769,0.0,112
1553,1553,0,-94,0.0,9
1554,1554,32,3440,0.0,543
1555,1555,28,3031,0.0,448
1556,1556,43,4668,0.0,816
1557,1557,49,5353,0.0,965
1558,1558,23,2444,0.0,360
1559,1559,35,3797,0.0,583
1560,1560,22,2346,0.0,357
1561,1561,27,2913,0.0,451
1562,1562,44,4730,0.0,727
1563,1563,46,5013,0.0,986
1564,1564,0,-105,0.0,6
1565,1565,38,4197,0.0,770
1566,1566,46,4996,0.0,797
1567,1567,12,1215,0.0,158
1568,1568,38,4182,0.0,781
1569,1569,0,-93,0.0,10
1570,1570,30,3292,0.0,535
1571,1571,17,1785,0.0,247
1572,1572,33,3512,0.0,462
1573,1573,25,2625,0.0,347
1574,1574,51,5556,0.0,1070
1575,1575,26,2785,0.0,424
1576,1576,21,2218,0.0,310
1577,1577,27,2923,0.0,503
1578,1578,42,4488,0.0,677
1579,1579,35,3801,0.0,599
1580,1580,24,2589,0.0,436
1581,1581,18,1836,0.0,221
1582,1582,23,2437,0.0,373
1583,1583,0,-106,0.0,11
1584,1584,23,2503,0.0,423
1585,1585,34,3677,0.0,550
1586,1586,14,1470,0.0,233
1587,1587,29,3074,0.0,420
1588,1588,39,4245,0.0,683
1589,1589,64,6990,0.0,1107
1590,1590,33,3560,0.0,602
1591,1591,38,4087,0.0,598
1592,1592,47,5112,0.0,1008
1593,1593,19,2027,0.0,293
1594,1594,49,5413,0.0,945
1595,1595,20,2124,0.0,331
1596,1596,30,3208,0.0,473
1597,1597,0,-96,0.0,23
1598,1598,45,4868,0.0,780
1599,1599,21,2261,0.0,357
1600,1600,21,2213,0.0,303
1601,1601,44,4710,0.0,657
1602,1602,27,2872,0.0,388
1603,1603,30,3241,0.0,522
1604,1604,27,2876,0.0,498
1605,1605,28,3071,0.0,592
1606,1606,0,-105,0.0,12
1607,1607,39,4301,0.0,827
1608,1608,30,3260,0.0,515
1609,1609,32,3444,0.0,479
1610,1610,25,2704,0.0,436
1611,1611,49,5367,0.0,963
1612,1612,15,1530,0.0,232
1613,1613,28,2987,0.0,462
1614,1614,19,1974,0.0,238
1615,1615,39,4227,0.0,615
1616,1616,33,3579,0.0,535
1617,1617,0,-103,0.0,10
1618,1618,25,2692,0.0,432
1619,1619,38,4095,0.0,616
1620,1620,41,4424,0.0,732
1621,1621,51,5590,0.0,1078
1622,1622,27,2888,0.0,394
1623,1623,30,3167,0.0,448
1624,1624,30,3199,0.0,598
1625,1625,37,4027,0.0,705
1626,1626,47,5136,0.0,826
1627,1627,19,2002,0.0,278
1628,1628,45,4924,0.0,812
1629,1629,59,6435,0.0,1071
1630,1630,34,3674,0.0,615
1631,1631,42,4598,0.0,823
1632,1632,41,4463,0.0,745
1633,1633,29,3136,0.0,468
1634,1634,31,3342,0.0,458
1635,1635,29,3134,0.0,524
1636,1636,30,3189,0.0,442
1637,1637,37,3969,0.0,521
1638,1638,23,2479,0.0,371
1639,1639,34,3665,0.0,616
1640,1640,28,3070,0.0,481
1641,1641,26,2702,0.0,343
1642,1642,46,5037,0.0,904
1643,1643,15,1619,0.0,311
1644,1644,0,-97,0.0,6
1645,1645,51,5533,0.0,1011
1646,1646,0,-100,0.0,9
1647,1647,0,-100,0.0,3
1648,1648,26,2783,0.0,394
1649,1649,0,-81,0.0,34
1650,1650,14,1444,0.0,205
1651,1651,14,1424,0.0,179
1652,1652,45,4922,0.0,910
1653,1653,47,5144,0.0,938
1654,1654,0,-101,0.0,2
1655,1655,32,3426,0.0,479
1656,1656,44,4775,0.0,888
1657,1657,33,3577,0.0,581
1658,1658,0,-91,0.0,16
1659,1659,23,2531,0.0,427
1660,1660,49,5327,0.0,909
1661,1661,16,1629,0.0,196
1662,1662,32,3472,0.0,543
1663,1663,29,3136,0.0,498
1664,1664,42,4507,0.0,788
1665,1665,41,4440,0.0,696
1666,1666,0,-102,0.0,3
1667,1667,0,-94,0.0,17
1668,1668,27,2865,0.0,401
1669,1669,0,-103,0.0,16
1670,1670,0,-89,0.0,22
1671,1671,30,3197,0.0,592
1672,1672,19,2016,0.0,352
1673,1673,52,5699,0.0,1064
1674,1674,31,3309,0.0,437
1675,1675,45,4943,0.0,831
1676,1676,47,5145,0.0,951
1677,1677,15,1508,0.0,166
1678,1678,31,3270,0.0,402
1679,1679,46,4981,0.0,890
1680,1680,38,4082,0.0,629
1681,1681,41,4395,0.0,669
1682,1682,0,-109,0.0,12
1683,1683,32,3413,0.0,414
1684,1684,35,3735,0.0,557
1685,1685,23,2418,0.0,338
1686,1686,23,2537,0.0,479
1687,1687,48,5204,0.0,907
1688,1688,36,3882,0.0,603
1689,1689,48,5310,0.0,983
1690,1690,43,4715,0.0,827
1691,1691,21,2222,0.0,320
1692,1692,30,3257,0.0,494
1693,1693,26,2755,0.0,360
1694,1694,17,1814,0.0,272
1695,1695,29,3176,0.0,522
1696,1696,39,4194,0.0,674
1697,1697,46,5000,0.0,779
1698,1698,0,-86,0.0,17
1699,1699,30,3252,0.0,561
1700,1700,29,3168,0.0,534
1701,1701,43,4681,0.0,803
1702,1702,23,2490,0.0,398
1703,1703,0,-96,0.0,7
1704,1704,41,4412,0.0,812
1705,1705,23,2430,0.0,346
1706,1706,44,4816,0.0,967
1707,1707,0,-110,0.0,11
1708,1708,20,2101,0.0,340
1709,1709,35,3767,0.0,631
1710,1710,28,3004,0.0,413
1711,1711,23,2527,0.0,441
1712,1712,24,2589,0.0,388
1713,1713,9,891,0.0,137
1714,1714,29,3127,0.0,535
1715,1715,46,4994,0.0,817
1716,1716,22,2355,0.0,404
1717,1717,0,-103,0.0,12
1718,1718,18,1879,0.0,270
1719,1719,32,3513,0.0,608
1720,1720,0,-95,0.0,8
1721,1721,19,1961,0.0,233
1722,1722,0,-100,0.0,1
1723,1723,22,2322,0.0,347
1724,1724,30,3208,0.0,523
1725,1725,33,3510,0.0,534
1726,1726,30,3170,0.0,395
1727,1727,22,2295,0.0,280
1728,1728,24,2523,0.0,380
1729,1729,20,2138,0.0,327
1730,1730,59,6426,0.0,1196
1731,1731,46,5089,0.0,866
1732,1732,52,5642,0.0,909
1733,1733,31,3252,0.0,482
1734,1734,55,5984,0.0,1050
1735,1735,16,1682,0.0,281
1736,1736,21,2234,0.0,320
1737,1737,46,5043,0.0,930
1738,1738,12,1226,0.0,167
1739,1739,12,1224,0.0,175
1740,1740,34,3668,0.0,631
1741,1741,21,2187,0.0,273
1742,1742,45,4927,0.0,1013
1743,1743,31,3434,0.0,622
1744,1744,27,2931,0.0,441
1745,1745,55,5976,0.0,1180
1746,1746,27,2891,0.0,471
1747,1747,39,4255,0.0,653
1748,1748,58,6383,0.0,1172
1749,1749,0,-99,0.0,4
1750,1750,40,4286,0.0,741
1751,1751,29,3068,0.0,430
1752,1752,45,4846,0.0,830
1753,1753,42,4588,0.0,703
1754,1754,30,3265,0.0,542
1755,1755,27,2918,0.0,508
1756,1756,20,2116,0.0,333
1757,1757,0,-105,0.0,6
1758,1758,35,3770,0.0,590
1759,1759,30,3231,0.0,472
1760,1760,27,2891,0.0,465
1761,1761,19,2008,0.0,306
1762,1762,15,1586,0.0,242
1763,1763,33,3538,0.0,604
1764,1764,26,2776,0.0,399
1765,1765,24,2496,0.0,323
1766,1766,0,-106,0.0,7
1767,1767,30,3177,0.0,494
1768,1768,31,3361,0.0,557
1769,1769,0,-87,0.0,16
1770,1770,27,2960,0.0,462
1771,1771,25,2623,0.0,337
1772,1772,0,-106,0.0,9
1773,1773,0,-100,0.0,3
1774,1774,32,3495,0.0,562
1775,1775,40,4345,0.0,830
1776,1776,38,4034,0.0,635
1777,1777,0,-95,0.0,8
1778,1778,34,3662,0.0,575
1779,1779,32,3481,0.0,590
1780,1780,39,4230,0.0,696
1781,1781,33,3507,0.0,517
1782,1782,48,5202,0.0,857
1783,1783,26,2791,0.0,448
1784,1784,19,2028,0.0,342
1785,1785,25,2721,0.0,559
1786,1786,50,5487,0.0,936
1787,1787,0,-97,0.0,6
1788,1788,35,3772,0.0,594
1789,1789,38,4134,0.0,705
1790,1790,19,2028,0.0,304
1791,1791,23,2418,0.0,344
1792,1792,28,3076,0.0,517
1793,1793,0,-86,0.0,17
1794,1794,36,3907,0.0,660
1795,1795,31,3306,0.0,578
1796,1796,45,4904,0.0,934
1797,1797,34,3654,0.0,523
1798,1798,49,5350,0.0,832
1799,1799,39,4186,0.0,618
1800,1800,47,5077,0.0,801
1801,1801,32,3481,0.0,552
1802,1802,37,4035,0.0,625
1803,1803,43,4625,0.0,765
1804,1804,28,3021,0.0,494
1805,1805,37,3912,0.0,546
1806,1806,29,3104,0.0,492
1807,1807,41,4411,0.0,713
1808,1808,0,-95,0.0,10
1809,1809,43,4628,0.0,932
1810,1810,22,2348,0.0,353
1811,1811,19,1991,0.0,271
1812,1812,24,2563,0.0,360
1813,1813,38,4112,0.0,777
1814,1814,35,3837,0.0,663
1815,1815,21,2265,0.0,361
1816,1816,0,-92,0.0,11
1817,1817,37,4008,0.0,716
1818,1818,18,1885,0.0,258
1819,1819,49,5318,0.0,916
1820,1820,10,990,0.0,133
1821,1821,32,3415,0.0,554
1822,1822,26,2746,0.0,365
1823,1823,29,3098,0.0,480
1824,1824,36,3889,0.0,578
1825,1825,40,4310,0.0,689
1826,1826,19,1990,0.0,274
1827,1827,43,4659,0.0,653
1828,1828,17,1797,0.0,277
1829,1829,42,4551,0.0,634
1830,1830,40,4409,0.0,750
1831,1831,28,3115,0.0,592
1832,1832,39,4273,0.0,757
1833,1833,31,3339,0.0,505
1834,1834,49,5435,0.0,1049
1835,1835,39,4249,0.0,647
1836,1836,26,2774,0.0,411
1837,1837,22,2349,0.0,376
1838,1838,0,-92,0.0,11
1839,1839,33,3560,0.0,554
1840,1840,28,2983,0.0,446
1841,1841,47,5094,0.0,962
1842,1842,0,-103,0.0,14
1843,1843,16,1675,0.0,250
1844,1844,0,-99,0.0,4
1845,1845,25,2682,0.0,388
1846,1846,44,4738,0.0,881
1847,1847,23,2402,0.0,292
1848,1848,31,3369,0.0,575
1849,1849,51,5602,0.0,1014
1850,1850,23,2405,0.0,361
1851,1851,28,3031,0.0,500
1852,1852,18,1891,0.0,274
1853,1853,38,4219,0.0,734
1854,1854,22,2366,0.0,377
1855,1855,0,-107,0.0,10
1856,1856,25,2602,0.0,346
1857,1857,44,4871,0.0,810
1858,1858,41,4480,0.0,806
1859,1859,37,4012,0.0,678
1860,1860,27,2927,0.0,449
1861,1861,20,2148,0.0,333
1862,1862,36,3955,0.0,602
1863,1863,27,2932,0.0,506
1864,1864,60,6586,0.0,1219
1865,1865,39,4172,0.0,568
1866,1866,37,3980,0.0,648
1867,1867,31,3417,0.0,625
1868,1868,33,3527,0.0,583
1869,1869,50,5503,0.0,1008
1870,1870,28,3059,0.0,476
1871,1871,34,3701,0.0,522
1872,1872,45,4917,0.0,753
1873,1873,39,4161,0.0,537
1874,1874,0,-77,0.0,28
1875,1875,31,3426,0.0,646
1876,1876,0,-96,0.0,7
1877,1877,0,-92,0.0,17
1878,1878,22,2401,0.0,408
1879,1879,36,3874,0.0,599
1880,1880,37,4094,0.0,806
1881,1881,44,4714,0.0,811
1882,1882,41,4448,0.0,752
1883,1883,35,3817,0.0,613
1884,1884,42,4485,0.0,682
1885,1885,40,4373,0.0,690
1886,1886,17,1748,0.0,214
1887,1887,26,2801,0.0,412
1888,1888,37,4019,0.0,623
1889,1889,0,-81,0.0,26
1890,1890,39,4257,0.0,723
1891,1891,37,4079,0.0,715
1892,1892,22,2279,0.0,284
1893,1893,28,3003,0.0,466
1894,1894,23,2464,0.0,366
1895,1895,34,3667,0.0,582
1896,1896,0,-102,0.0,19
1897,1897,43,4664,0.0,886
1898,1898,41,4458,0.0,720
1899,1899,20,2109,0.0,326
1900,1900,0,-96,0.0,7
1901,1901,38,4180,0.0,749
1902,1902,26,2732,0.0,341
1903,1903,43,4705,0.0,741
1904,1904,33,3549,0.0,489
1905,1905,44,4887,0.0,826
1906,1906,37,3990,0.0,578
1907,1907,43,4708,0.0,742
1908,1908,45,4888,0.0,848
1909,1909,44,4783,0.0,824
1910,1910,0,-88,0.0,15
1911,1911,0,-100,0.0,11
1912,1912,40,4323,0.0,862
1913,1913,51,5603,0.0,869
1914,1914,23,2443,0.0,345
1915,1915,25,2674,0.0,366
1916,1916,34,3695,0.0,594
1917,1917,40,4407,0.0,774
1918,1918,18,1925,0.0,318
1919,1919,40,4372,0.0,725
1920,1920,25,2689,0.0,377
1921,1921,44,4788,0.0,1119
1922,1922,0,-99,0.0,18
1923,1923,50,5576,0.0,1059
1924,1924,38,4085,0.0,566
1925,1925,28,2952,0.0,397
1926,1926,20,2162,0.0,365
1927,1927,12,1202,0.0,149
1928,1928,22,2335,0.0,330
1929,1929,0,-98,0.0,19
1930,1930,0,-109,0.0,20
1931,1931,39,4236,0.0,714
1932,1932,23,2458,0.0,386
1933,1933,22,2283,0.0,290
1934,1934,36,3942,0.0,663
1935,1935,30,3260,0.0,523
1936,1936,25,2659,0.0,413
1937,1937,27,2908,0.0,470
1938,1938,34,3689,0.0,614
1939,1939,50,5478,0.0,1001
1940,1940,17,1740,0.0,214
1941,1941,52,5594,0.0,1079
1942,1942,26,2786,0.0,457
1943,1943,40,4321,0.0,700
1944,1944,38,4169,0.0,764
1945,1945,26,2767,0.0,374
1946,1946,38,4178,0.0,657
1947,1947,0,-81,0.0,30
1948,1948,46,4959,0.0,766
1949,1949,34,3706,0.0,569
1950,1950,33,3549,0.0,595
1951,1951,31,3351,0.0,515
1952,1952,57,6186,0.0,1126
1953,1953,42,4661,0.0,804
1954,1954,0,-94,0.0,9
1955,1955,0,-95,0.0,8
1956,1956,47,5147,0.0,959
1957,1957,0,-90,0.0,13
1958,1958,35,3753,0.0,579
1959,1959,27,2889,0.0,473
1960,1960,28,3044,0.0,491
1961,1961,0,-101,0.0,4
1962,1962,24,2556,0.0,501
1963,1963,25,2684,0.0,382
1964,1964,29,3114,0.0,510
1965,1965,37,4034,0.0,644
1966,1966,11,1103,0.0,159
1967,1967,31,3265,0.0,523
1968,1968,33,3518,0.0,498
1969,1969,40,4396,0.0,673
1970,1970,47,5213,0.0,835
1971,1971,25,2747,0.0,447
1972,1972,27,2884,0.0,446
1973,1973,40,4404,0.0,821
1974,1974,24,2605,0.0,442
1975,1975,30,3301,0.0,526
1976,1976,27,2897,0.0,403
1977,1977,51,5632,0.0,1248
1978,1978,0,-103,0.0,6
1979,1979,33,3570,0.0,612
1980,1980,29,3103,0.0,427
1981,1981,45,4885,0.0,787
1982,1982,26,2768,0.0,379
1983,1983,46,5004,0.0,899
1984,1984,25,2626,0.0,360
1985,1985,0,-108,0.0,9
1986,1986,40,4332,0.0,683
1987,1987,25,2685,0.0,373
1988,1988,32,3423,0.0,474
1989,1989,44,4749,0.0,812
1990,1990,34,3666,0.0,651
1991,1991,0,-99,0.0,4
1992,1992,25,2652,0.0,352
1993,1993,52,5736,0.0,1161
1994,1994,29,3092,0.0,474
1995,1995,33,3644,0.0,692
1996,1996,27,2891,0.0,417
1997,1997,28,3009,0.0,488
1998,1998,30,3187,0.0,386
1999,1999,0,-95,0.0,18
